RiskID,RiskName,Description,BusinessImpact,Likelihood,Severity,OwnerDepartment,MappedControlID,CurrentStatus
RISK-77463,Unauthorized Access to Production Systems,Weak access controls could allow unauthorized personnel to reach production environments and sensitive data.,Data breach and regulatory penalties,Medium,High,Engineering,CTRL-81425,Mitigated
RISK-96518,Weak Password Policy Enforcement,Insufficient password complexity and rotation requirements increase susceptibility to credential attacks.,Account compromise,High,Critical,Internal Audit,CTRL-70828,Open
RISK-66453,Ransomware Infection on Endpoints,Insufficient endpoint protection increases exposure to ransomware attacks that could encrypt critical business data.,Operational downtime and financial loss,Low,Low,Procurement,CTRL-85132,In Remediation
RISK-95959,Unmonitored Privileged Account Activity,Privileged account actions not logged or reviewed could allow malicious activity to go undetected.,Undetected data breach or fraud,Medium,High,Risk Management,CTRL-85413,In Remediation
RISK-74848,Cross-Border Data Transfer Without Safeguards,Transferring personal data outside approved jurisdictions without safeguards may violate data protection law.,Regulatory penalties and data subject complaints,Medium,High,Internal Audit,CTRL-85132,Open
RISK-60570,Unmonitored Privileged Account Activity,Privileged account actions not logged or reviewed could allow malicious activity to go undetected.,Undetected data breach or fraud,Medium,Medium,Engineering,CTRL-16493,In Remediation
RISK-88834,Phishing-Induced Credential Compromise,Employees without adequate security awareness training are susceptible to phishing attacks.,Account takeover and lateral movement,Low,High,Human Resources,CTRL-89368,In Remediation
RISK-64450,Excessive Data Retention Beyond Policy,Personal or sensitive data retained beyond defined retention periods increases breach exposure and compliance risk.,Regulatory non-compliance,Medium,High,Operations,CTRL-23452,Closed
RISK-36163,Cloud Storage Misconfiguration,Publicly accessible cloud storage buckets could expose sensitive enterprise or customer data.,Data breach and compliance violation,High,Low,Risk Management,CTRL-33033,In Remediation
RISK-15599,Third-Party Vendor Data Mishandling,Vendors without adequate security certifications may mishandle data shared with them during service delivery.,Reputational damage and contractual liability,High,Medium,Engineering,CTRL-74900,Mitigated
RISK-51376,Inadequate Incident Response Readiness,Untested incident response procedures may delay containment and recovery during a security incident.,Extended breach impact and higher recovery cost,Medium,High,Finance,CTRL-93221,Open
RISK-84881,Outdated Software Dependencies in Applications,Applications using unpatched third-party libraries are vulnerable to known exploits.,Application compromise and data loss,Medium,High,Data & Analytics,CTRL-90509,In Remediation
RISK-14943,Cloud Storage Misconfiguration,Publicly accessible cloud storage buckets could expose sensitive enterprise or customer data.,Data breach and compliance violation,Low,Medium,Legal & Compliance,CTRL-12147,Mitigated
RISK-19377,Ransomware Infection on Endpoints,Insufficient endpoint protection increases exposure to ransomware attacks that could encrypt critical business data.,Operational downtime and financial loss,High,Critical,Data & Analytics,CTRL-27090,Open
RISK-68955,Ransomware Infection on Endpoints,Insufficient endpoint protection increases exposure to ransomware attacks that could encrypt critical business data.,Operational downtime and financial loss,Low,Critical,Risk Management,CTRL-52518,Open
RISK-48234,Insufficient Vendor Contract Security Clauses,Vendor contracts lacking explicit data protection obligations weaken enforceability of security expectations.,Limited recourse in case of vendor breach,Low,High,Operations,CTRL-55735,Accepted
RISK-47143,Data Exfiltration via Unencrypted Channels,Sensitive data transmitted without encryption could be intercepted by malicious actors on the network.,Loss of confidential business and customer data,Medium,Medium,Information Security,CTRL-14870,In Remediation
RISK-98426,Lack of Network Segmentation,Flat network architecture allows lateral movement of attackers once a foothold is established.,Wider blast radius during a security incident,Medium,High,Risk Management,CTRL-52644,Open
RISK-40450,Single Point of Failure in Backup Systems,"Lack of tested, redundant backups increases risk of permanent data loss during a disaster.",Business continuity disruption,Medium,Medium,Legal & Compliance,CTRL-30021,In Remediation
RISK-32706,Excessive Data Retention Beyond Policy,Personal or sensitive data retained beyond defined retention periods increases breach exposure and compliance risk.,Regulatory non-compliance,Low,Medium,Information Technology,CTRL-14431,In Remediation
RISK-36284,Lack of Network Segmentation,Flat network architecture allows lateral movement of attackers once a foothold is established.,Wider blast radius during a security incident,Medium,Critical,Human Resources,CTRL-64142,Accepted
RISK-12113,Weak Password Policy Enforcement,Insufficient password complexity and rotation requirements increase susceptibility to credential attacks.,Account compromise,Medium,Medium,Finance,CTRL-33033,In Remediation
RISK-96028,Outdated Software Dependencies in Applications,Applications using unpatched third-party libraries are vulnerable to known exploits.,Application compromise and data loss,Medium,Medium,Finance,CTRL-30021,Open
RISK-57976,Insider Threat from Privileged Users,Excessive standing privileges for employees increase the risk of intentional or accidental data misuse.,Unauthorized data disclosure or sabotage,Medium,Medium,Engineering,CTRL-72082,In Remediation
RISK-53769,Unauthorized Access to Production Systems,Weak access controls could allow unauthorized personnel to reach production environments and sensitive data.,Data breach and regulatory penalties,High,Critical,Internal Audit,CTRL-15674,In Remediation
RISK-22866,Delayed Patching of Critical Vulnerabilities,Systems not patched within SLA windows remain exposed to known exploitable vulnerabilities.,Increased likelihood of successful cyberattack,Medium,Medium,Procurement,CTRL-21400,In Remediation
RISK-94934,Insufficient Vendor Contract Security Clauses,Vendor contracts lacking explicit data protection obligations weaken enforceability of security expectations.,Limited recourse in case of vendor breach,Medium,High,Finance,CTRL-18738,Accepted
RISK-24126,Lack of Network Segmentation,Flat network architecture allows lateral movement of attackers once a foothold is established.,Wider blast radius during a security incident,Medium,High,Finance,CTRL-29855,Open
RISK-63414,Third-Party Vendor Data Mishandling,Vendors without adequate security certifications may mishandle data shared with them during service delivery.,Reputational damage and contractual liability,High,Medium,Data & Analytics,CTRL-88112,Accepted
RISK-53491,Weak Password Policy Enforcement,Insufficient password complexity and rotation requirements increase susceptibility to credential attacks.,Account compromise,Low,Medium,Data & Analytics,CTRL-99105,Accepted
RISK-24457,Excessive Data Retention Beyond Policy,Personal or sensitive data retained beyond defined retention periods increases breach exposure and compliance risk.,Regulatory non-compliance,High,Critical,Legal & Compliance,CTRL-77732,Mitigated
RISK-66792,Unpatched Legacy Systems in Production,Legacy systems no longer receiving security updates remain exposed to known vulnerabilities.,Increased attack surface,Low,Critical,Operations,CTRL-84039,In Remediation
RISK-67361,Cloud Storage Misconfiguration,Publicly accessible cloud storage buckets could expose sensitive enterprise or customer data.,Data breach and compliance violation,Low,High,Information Security,CTRL-75270,Open
RISK-67428,Shadow IT Application Usage,Employees using unsanctioned applications introduce unmanaged security and compliance risk.,Data leakage through ungoverned channels,High,High,Human Resources,CTRL-37958,Accepted
RISK-52894,Third-Party Vendor Data Mishandling,Vendors without adequate security certifications may mishandle data shared with them during service delivery.,Reputational damage and contractual liability,Medium,Medium,Information Technology,CTRL-14981,In Remediation
RISK-42997,Insufficient Vendor Contract Security Clauses,Vendor contracts lacking explicit data protection obligations weaken enforceability of security expectations.,Limited recourse in case of vendor breach,Medium,High,Risk Management,CTRL-83813,Accepted
RISK-20653,Unpatched Legacy Systems in Production,Legacy systems no longer receiving security updates remain exposed to known vulnerabilities.,Increased attack surface,Medium,Medium,Data & Analytics,CTRL-27775,In Remediation
RISK-82178,Unmonitored Privileged Account Activity,Privileged account actions not logged or reviewed could allow malicious activity to go undetected.,Undetected data breach or fraud,High,High,Legal & Compliance,CTRL-28994,Mitigated
RISK-14278,Lack of Network Segmentation,Flat network architecture allows lateral movement of attackers once a foothold is established.,Wider blast radius during a security incident,Medium,High,Procurement,CTRL-83813,In Remediation
RISK-20794,Outdated Software Dependencies in Applications,Applications using unpatched third-party libraries are vulnerable to known exploits.,Application compromise and data loss,Low,Critical,Human Resources,CTRL-10942,Open
RISK-50647,Shadow IT Application Usage,Employees using unsanctioned applications introduce unmanaged security and compliance risk.,Data leakage through ungoverned channels,High,High,Human Resources,CTRL-25355,In Remediation
RISK-93775,Cross-Border Data Transfer Without Safeguards,Transferring personal data outside approved jurisdictions without safeguards may violate data protection law.,Regulatory penalties and data subject complaints,High,Low,Internal Audit,CTRL-14039,In Remediation
RISK-69490,Delayed Patching of Critical Vulnerabilities,Systems not patched within SLA windows remain exposed to known exploitable vulnerabilities.,Increased likelihood of successful cyberattack,Medium,High,Internal Audit,CTRL-21724,Open
RISK-79710,Inadequate Incident Response Readiness,Untested incident response procedures may delay containment and recovery during a security incident.,Extended breach impact and higher recovery cost,Low,Critical,Information Security,CTRL-24039,Accepted
RISK-36018,Weak Password Policy Enforcement,Insufficient password complexity and rotation requirements increase susceptibility to credential attacks.,Account compromise,High,High,Procurement,CTRL-74182,In Remediation
RISK-22029,Data Exfiltration via Unencrypted Channels,Sensitive data transmitted without encryption could be intercepted by malicious actors on the network.,Loss of confidential business and customer data,Medium,Low,Operations,CTRL-30446,Open
RISK-43073,Lack of Network Segmentation,Flat network architecture allows lateral movement of attackers once a foothold is established.,Wider blast radius during a security incident,Medium,High,Data & Analytics,CTRL-68952,In Remediation
RISK-58164,Cloud Storage Misconfiguration,Publicly accessible cloud storage buckets could expose sensitive enterprise or customer data.,Data breach and compliance violation,Medium,Medium,Information Security,CTRL-60756,Open
RISK-43261,Non-Compliance with DPDP Consent Requirements,Processing personal data without valid recorded consent could violate DPDP obligations.,Regulatory fines and legal action,High,Low,Procurement,CTRL-41878,Open
RISK-22766,Excessive Data Retention Beyond Policy,Personal or sensitive data retained beyond defined retention periods increases breach exposure and compliance risk.,Regulatory non-compliance,Medium,High,Operations,CTRL-45167,Mitigated
RISK-96723,Shadow IT Application Usage,Employees using unsanctioned applications introduce unmanaged security and compliance risk.,Data leakage through ungoverned channels,Medium,High,Information Technology,CTRL-29419,Mitigated
RISK-41635,Phishing-Induced Credential Compromise,Employees without adequate security awareness training are susceptible to phishing attacks.,Account takeover and lateral movement,Medium,Medium,Data & Analytics,CTRL-97324,Accepted
RISK-30218,Unmonitored Privileged Account Activity,Privileged account actions not logged or reviewed could allow malicious activity to go undetected.,Undetected data breach or fraud,High,Medium,Human Resources,CTRL-29296,Mitigated
RISK-79143,Lack of Network Segmentation,Flat network architecture allows lateral movement of attackers once a foothold is established.,Wider blast radius during a security incident,High,Medium,Legal & Compliance,CTRL-55798,Accepted
RISK-48129,Unauthorized Access to Production Systems,Weak access controls could allow unauthorized personnel to reach production environments and sensitive data.,Data breach and regulatory penalties,Low,Medium,Internal Audit,CTRL-37926,Open
RISK-56621,Unpatched Legacy Systems in Production,Legacy systems no longer receiving security updates remain exposed to known vulnerabilities.,Increased attack surface,Medium,High,Risk Management,CTRL-85715,In Remediation
RISK-55838,Lack of Network Segmentation,Flat network architecture allows lateral movement of attackers once a foothold is established.,Wider blast radius during a security incident,High,Critical,Finance,CTRL-21400,Mitigated
RISK-30262,Phishing-Induced Credential Compromise,Employees without adequate security awareness training are susceptible to phishing attacks.,Account takeover and lateral movement,Medium,Medium,Finance,CTRL-92576,Mitigated
RISK-22348,Inadequate Incident Response Readiness,Untested incident response procedures may delay containment and recovery during a security incident.,Extended breach impact and higher recovery cost,Medium,High,Information Security,CTRL-70828,Mitigated
RISK-38468,Unmonitored Privileged Account Activity,Privileged account actions not logged or reviewed could allow malicious activity to go undetected.,Undetected data breach or fraud,Medium,Medium,Procurement,CTRL-27399,Closed
RISK-82349,Excessive Data Retention Beyond Policy,Personal or sensitive data retained beyond defined retention periods increases breach exposure and compliance risk.,Regulatory non-compliance,Medium,Low,Internal Audit,CTRL-72082,In Remediation
RISK-90752,Unpatched Legacy Systems in Production,Legacy systems no longer receiving security updates remain exposed to known vulnerabilities.,Increased attack surface,High,High,Procurement,CTRL-15873,Mitigated
RISK-18778,Excessive Data Retention Beyond Policy,Personal or sensitive data retained beyond defined retention periods increases breach exposure and compliance risk.,Regulatory non-compliance,High,Critical,Data & Analytics,CTRL-75270,Mitigated
RISK-20320,Outdated Software Dependencies in Applications,Applications using unpatched third-party libraries are vulnerable to known exploits.,Application compromise and data loss,Medium,High,Risk Management,CTRL-49853,In Remediation
RISK-51528,Unauthorized Access to Production Systems,Weak access controls could allow unauthorized personnel to reach production environments and sensitive data.,Data breach and regulatory penalties,High,Medium,Engineering,CTRL-27399,Closed
RISK-96888,Inadequate Incident Response Readiness,Untested incident response procedures may delay containment and recovery during a security incident.,Extended breach impact and higher recovery cost,High,Medium,Human Resources,CTRL-85620,Mitigated
RISK-79885,Phishing-Induced Credential Compromise,Employees without adequate security awareness training are susceptible to phishing attacks.,Account takeover and lateral movement,Medium,Medium,Engineering,CTRL-45134,In Remediation
RISK-77451,Excessive Data Retention Beyond Policy,Personal or sensitive data retained beyond defined retention periods increases breach exposure and compliance risk.,Regulatory non-compliance,Medium,Low,Finance,CTRL-35217,Open
RISK-59439,Unauthorized Access to Production Systems,Weak access controls could allow unauthorized personnel to reach production environments and sensitive data.,Data breach and regulatory penalties,Medium,Critical,Internal Audit,CTRL-98396,Mitigated
RISK-56081,Unpatched Legacy Systems in Production,Legacy systems no longer receiving security updates remain exposed to known vulnerabilities.,Increased attack surface,High,Medium,Information Technology,CTRL-21993,Mitigated
RISK-75911,Third-Party Vendor Data Mishandling,Vendors without adequate security certifications may mishandle data shared with them during service delivery.,Reputational damage and contractual liability,Low,Medium,Information Security,CTRL-45134,In Remediation
RISK-29703,Data Exfiltration via Unencrypted Channels,Sensitive data transmitted without encryption could be intercepted by malicious actors on the network.,Loss of confidential business and customer data,High,Medium,Information Technology,CTRL-65323,Open
RISK-56942,Non-Compliance with DPDP Consent Requirements,Processing personal data without valid recorded consent could violate DPDP obligations.,Regulatory fines and legal action,Medium,Medium,Engineering,CTRL-49653,Accepted
RISK-73659,Ransomware Infection on Endpoints,Insufficient endpoint protection increases exposure to ransomware attacks that could encrypt critical business data.,Operational downtime and financial loss,High,Critical,Internal Audit,CTRL-42825,Accepted
RISK-12188,Outdated Software Dependencies in Applications,Applications using unpatched third-party libraries are vulnerable to known exploits.,Application compromise and data loss,Medium,Medium,Information Security,CTRL-86760,Accepted
RISK-34507,Cross-Border Data Transfer Without Safeguards,Transferring personal data outside approved jurisdictions without safeguards may violate data protection law.,Regulatory penalties and data subject complaints,Low,High,Finance,CTRL-21163,Closed
RISK-31018,Non-Compliance with DPDP Consent Requirements,Processing personal data without valid recorded consent could violate DPDP obligations.,Regulatory fines and legal action,High,High,Information Technology,CTRL-95295,Open
RISK-79971,Insider Threat from Privileged Users,Excessive standing privileges for employees increase the risk of intentional or accidental data misuse.,Unauthorized data disclosure or sabotage,Medium,High,Data & Analytics,CTRL-98485,Accepted
RISK-22813,Lack of Network Segmentation,Flat network architecture allows lateral movement of attackers once a foothold is established.,Wider blast radius during a security incident,Low,High,Internal Audit,CTRL-79910,Open
RISK-22408,Weak Password Policy Enforcement,Insufficient password complexity and rotation requirements increase susceptibility to credential attacks.,Account compromise,Medium,Medium,Internal Audit,CTRL-13594,In Remediation
RISK-44667,Shadow IT Application Usage,Employees using unsanctioned applications introduce unmanaged security and compliance risk.,Data leakage through ungoverned channels,High,High,Procurement,CTRL-29267,Mitigated
RISK-21467,Inadequate Incident Response Readiness,Untested incident response procedures may delay containment and recovery during a security incident.,Extended breach impact and higher recovery cost,Low,High,Data & Analytics,CTRL-77732,Accepted
RISK-68575,Insufficient Vendor Contract Security Clauses,Vendor contracts lacking explicit data protection obligations weaken enforceability of security expectations.,Limited recourse in case of vendor breach,High,Medium,Legal & Compliance,CTRL-77984,Open
RISK-35820,Excessive Data Retention Beyond Policy,Personal or sensitive data retained beyond defined retention periods increases breach exposure and compliance risk.,Regulatory non-compliance,High,Critical,Information Security,CTRL-10128,In Remediation
RISK-35499,Lack of Network Segmentation,Flat network architecture allows lateral movement of attackers once a foothold is established.,Wider blast radius during a security incident,Low,Medium,Risk Management,CTRL-32312,Open
RISK-12753,Cloud Storage Misconfiguration,Publicly accessible cloud storage buckets could expose sensitive enterprise or customer data.,Data breach and compliance violation,Low,Medium,Internal Audit,CTRL-81468,Closed
RISK-88225,Unmonitored Privileged Account Activity,Privileged account actions not logged or reviewed could allow malicious activity to go undetected.,Undetected data breach or fraud,Low,Low,Engineering,CTRL-52644,In Remediation
RISK-10907,Third-Party Vendor Data Mishandling,Vendors without adequate security certifications may mishandle data shared with them during service delivery.,Reputational damage and contractual liability,Low,High,Risk Management,CTRL-10942,Open
RISK-25726,Phishing-Induced Credential Compromise,Employees without adequate security awareness training are susceptible to phishing attacks.,Account takeover and lateral movement,Low,Medium,Operations,CTRL-80109,Open
RISK-50486,Cloud Storage Misconfiguration,Publicly accessible cloud storage buckets could expose sensitive enterprise or customer data.,Data breach and compliance violation,Low,Medium,Information Security,CTRL-25609,Mitigated
RISK-83394,Insufficient Vendor Contract Security Clauses,Vendor contracts lacking explicit data protection obligations weaken enforceability of security expectations.,Limited recourse in case of vendor breach,Low,Critical,Information Security,CTRL-47688,Closed
RISK-44191,Single Point of Failure in Backup Systems,"Lack of tested, redundant backups increases risk of permanent data loss during a disaster.",Business continuity disruption,Low,High,Data & Analytics,CTRL-49866,Mitigated
RISK-32763,Data Exfiltration via Unencrypted Channels,Sensitive data transmitted without encryption could be intercepted by malicious actors on the network.,Loss of confidential business and customer data,High,High,Risk Management,CTRL-18317,Accepted
RISK-39071,Insufficient Vendor Contract Security Clauses,Vendor contracts lacking explicit data protection obligations weaken enforceability of security expectations.,Limited recourse in case of vendor breach,Medium,High,Engineering,CTRL-98396,Mitigated
RISK-41528,Single Point of Failure in Backup Systems,"Lack of tested, redundant backups increases risk of permanent data loss during a disaster.",Business continuity disruption,Medium,Low,Data & Analytics,CTRL-44258,Open
RISK-54866,Cloud Storage Misconfiguration,Publicly accessible cloud storage buckets could expose sensitive enterprise or customer data.,Data breach and compliance violation,High,Low,Data & Analytics,CTRL-57242,Mitigated
RISK-60879,Unpatched Legacy Systems in Production,Legacy systems no longer receiving security updates remain exposed to known vulnerabilities.,Increased attack surface,Low,Medium,Information Security,CTRL-42825,Closed
RISK-85551,Outdated Software Dependencies in Applications,Applications using unpatched third-party libraries are vulnerable to known exploits.,Application compromise and data loss,High,Medium,Operations,CTRL-88290,Open
RISK-97676,Insufficient Vendor Contract Security Clauses,Vendor contracts lacking explicit data protection obligations weaken enforceability of security expectations.,Limited recourse in case of vendor breach,Low,High,Legal & Compliance,CTRL-97372,In Remediation
RISK-74116,Third-Party Vendor Data Mishandling,Vendors without adequate security certifications may mishandle data shared with them during service delivery.,Reputational damage and contractual liability,Medium,Critical,Information Technology,CTRL-31848,Accepted
RISK-14542,Cloud Storage Misconfiguration,Publicly accessible cloud storage buckets could expose sensitive enterprise or customer data.,Data breach and compliance violation,High,Low,Procurement,CTRL-63148,Closed
RISK-21124,Data Exfiltration via Unencrypted Channels,Sensitive data transmitted without encryption could be intercepted by malicious actors on the network.,Loss of confidential business and customer data,Low,High,Information Technology,CTRL-13409,In Remediation
RISK-49454,Single Point of Failure in Backup Systems,"Lack of tested, redundant backups increases risk of permanent data loss during a disaster.",Business continuity disruption,Low,Low,Operations,CTRL-70077,Closed
RISK-74058,Unmonitored Privileged Account Activity,Privileged account actions not logged or reviewed could allow malicious activity to go undetected.,Undetected data breach or fraud,Medium,High,Finance,CTRL-31983,Open
RISK-52079,Phishing-Induced Credential Compromise,Employees without adequate security awareness training are susceptible to phishing attacks.,Account takeover and lateral movement,Medium,Medium,Legal & Compliance,CTRL-49653,Closed
RISK-40768,Outdated Software Dependencies in Applications,Applications using unpatched third-party libraries are vulnerable to known exploits.,Application compromise and data loss,Low,High,Human Resources,CTRL-24219,In Remediation
RISK-33865,Lack of Network Segmentation,Flat network architecture allows lateral movement of attackers once a foothold is established.,Wider blast radius during a security incident,Medium,High,Engineering,CTRL-70828,In Remediation
RISK-48819,Unmonitored Privileged Account Activity,Privileged account actions not logged or reviewed could allow malicious activity to go undetected.,Undetected data breach or fraud,High,Medium,Legal & Compliance,CTRL-52491,Closed
RISK-78738,Insufficient Vendor Contract Security Clauses,Vendor contracts lacking explicit data protection obligations weaken enforceability of security expectations.,Limited recourse in case of vendor breach,Low,Low,Procurement,CTRL-42825,Open
RISK-73410,Unmonitored Privileged Account Activity,Privileged account actions not logged or reviewed could allow malicious activity to go undetected.,Undetected data breach or fraud,Low,Medium,Information Technology,CTRL-49937,Accepted
RISK-94841,Inadequate Incident Response Readiness,Untested incident response procedures may delay containment and recovery during a security incident.,Extended breach impact and higher recovery cost,Medium,Low,Operations,CTRL-25778,Accepted
RISK-27953,Delayed Patching of Critical Vulnerabilities,Systems not patched within SLA windows remain exposed to known exploitable vulnerabilities.,Increased likelihood of successful cyberattack,Medium,High,Engineering,CTRL-74182,Open
RISK-78858,Unauthorized Access to Production Systems,Weak access controls could allow unauthorized personnel to reach production environments and sensitive data.,Data breach and regulatory penalties,Medium,High,Data & Analytics,CTRL-35167,In Remediation
RISK-79951,Insufficient Vendor Contract Security Clauses,Vendor contracts lacking explicit data protection obligations weaken enforceability of security expectations.,Limited recourse in case of vendor breach,High,Medium,Operations,CTRL-31983,Mitigated
RISK-76523,Non-Compliance with DPDP Consent Requirements,Processing personal data without valid recorded consent could violate DPDP obligations.,Regulatory fines and legal action,Medium,High,Information Security,CTRL-47406,Open
RISK-65361,Data Exfiltration via Unencrypted Channels,Sensitive data transmitted without encryption could be intercepted by malicious actors on the network.,Loss of confidential business and customer data,Low,High,Finance,CTRL-56638,Open
RISK-47540,Cloud Storage Misconfiguration,Publicly accessible cloud storage buckets could expose sensitive enterprise or customer data.,Data breach and compliance violation,Medium,Low,Procurement,CTRL-90062,Closed
RISK-90268,Insider Threat from Privileged Users,Excessive standing privileges for employees increase the risk of intentional or accidental data misuse.,Unauthorized data disclosure or sabotage,Low,Medium,Finance,CTRL-25355,In Remediation
RISK-11847,Unmonitored Privileged Account Activity,Privileged account actions not logged or reviewed could allow malicious activity to go undetected.,Undetected data breach or fraud,Medium,Medium,Information Security,CTRL-63153,In Remediation
RISK-93817,Single Point of Failure in Backup Systems,"Lack of tested, redundant backups increases risk of permanent data loss during a disaster.",Business continuity disruption,Low,Low,Risk Management,CTRL-90509,In Remediation
RISK-12537,Unmonitored Privileged Account Activity,Privileged account actions not logged or reviewed could allow malicious activity to go undetected.,Undetected data breach or fraud,Medium,High,Procurement,CTRL-85132,Mitigated
RISK-31967,Insider Threat from Privileged Users,Excessive standing privileges for employees increase the risk of intentional or accidental data misuse.,Unauthorized data disclosure or sabotage,Low,High,Operations,CTRL-39599,Mitigated
RISK-94147,Ransomware Infection on Endpoints,Insufficient endpoint protection increases exposure to ransomware attacks that could encrypt critical business data.,Operational downtime and financial loss,High,Medium,Finance,CTRL-45235,Closed
RISK-44002,Delayed Patching of Critical Vulnerabilities,Systems not patched within SLA windows remain exposed to known exploitable vulnerabilities.,Increased likelihood of successful cyberattack,Medium,High,Finance,CTRL-98485,Closed
RISK-31696,Inadequate Incident Response Readiness,Untested incident response procedures may delay containment and recovery during a security incident.,Extended breach impact and higher recovery cost,High,High,Information Technology,CTRL-30747,In Remediation
RISK-57973,Delayed Patching of Critical Vulnerabilities,Systems not patched within SLA windows remain exposed to known exploitable vulnerabilities.,Increased likelihood of successful cyberattack,Medium,Low,Human Resources,CTRL-45134,Accepted
RISK-87141,Outdated Software Dependencies in Applications,Applications using unpatched third-party libraries are vulnerable to known exploits.,Application compromise and data loss,Medium,Medium,Data & Analytics,CTRL-80455,Accepted
RISK-38865,Lack of Network Segmentation,Flat network architecture allows lateral movement of attackers once a foothold is established.,Wider blast radius during a security incident,High,Critical,Data & Analytics,CTRL-49866,Open
RISK-90689,Insufficient Vendor Contract Security Clauses,Vendor contracts lacking explicit data protection obligations weaken enforceability of security expectations.,Limited recourse in case of vendor breach,Medium,Medium,Data & Analytics,CTRL-56638,Closed
RISK-46226,Ransomware Infection on Endpoints,Insufficient endpoint protection increases exposure to ransomware attacks that could encrypt critical business data.,Operational downtime and financial loss,High,Low,Engineering,CTRL-91661,Closed
RISK-12404,Unpatched Legacy Systems in Production,Legacy systems no longer receiving security updates remain exposed to known vulnerabilities.,Increased attack surface,High,High,Information Technology,CTRL-25778,Mitigated
RISK-41647,Cloud Storage Misconfiguration,Publicly accessible cloud storage buckets could expose sensitive enterprise or customer data.,Data breach and compliance violation,Medium,High,Human Resources,CTRL-75138,Closed
RISK-81288,Shadow IT Application Usage,Employees using unsanctioned applications introduce unmanaged security and compliance risk.,Data leakage through ungoverned channels,Low,Medium,Information Technology,CTRL-63153,Closed
RISK-59768,Unauthorized Access to Production Systems,Weak access controls could allow unauthorized personnel to reach production environments and sensitive data.,Data breach and regulatory penalties,Medium,Critical,Internal Audit,CTRL-98485,Mitigated
RISK-39416,Inadequate Incident Response Readiness,Untested incident response procedures may delay containment and recovery during a security incident.,Extended breach impact and higher recovery cost,Medium,High,Data & Analytics,CTRL-80455,Open
RISK-43874,Insider Threat from Privileged Users,Excessive standing privileges for employees increase the risk of intentional or accidental data misuse.,Unauthorized data disclosure or sabotage,Low,High,Legal & Compliance,CTRL-56638,Accepted
RISK-10738,Unmonitored Privileged Account Activity,Privileged account actions not logged or reviewed could allow malicious activity to go undetected.,Undetected data breach or fraud,Low,High,Internal Audit,CTRL-52491,Mitigated
RISK-84639,Third-Party Vendor Data Mishandling,Vendors without adequate security certifications may mishandle data shared with them during service delivery.,Reputational damage and contractual liability,Medium,Low,Human Resources,CTRL-55962,Open
RISK-37633,Shadow IT Application Usage,Employees using unsanctioned applications introduce unmanaged security and compliance risk.,Data leakage through ungoverned channels,Low,High,Information Technology,CTRL-99548,In Remediation
RISK-36873,Inadequate Incident Response Readiness,Untested incident response procedures may delay containment and recovery during a security incident.,Extended breach impact and higher recovery cost,Medium,High,Information Technology,CTRL-98273,Accepted
RISK-89415,Shadow IT Application Usage,Employees using unsanctioned applications introduce unmanaged security and compliance risk.,Data leakage through ungoverned channels,Low,Critical,Information Security,CTRL-24039,In Remediation
RISK-74515,Cross-Border Data Transfer Without Safeguards,Transferring personal data outside approved jurisdictions without safeguards may violate data protection law.,Regulatory penalties and data subject complaints,Medium,Critical,Finance,CTRL-80455,Open
RISK-56314,Inadequate Incident Response Readiness,Untested incident response procedures may delay containment and recovery during a security incident.,Extended breach impact and higher recovery cost,Medium,Low,Legal & Compliance,CTRL-68320,In Remediation
RISK-82744,Third-Party Vendor Data Mishandling,Vendors without adequate security certifications may mishandle data shared with them during service delivery.,Reputational damage and contractual liability,Medium,Low,Legal & Compliance,CTRL-95502,Open
RISK-12788,Third-Party Vendor Data Mishandling,Vendors without adequate security certifications may mishandle data shared with them during service delivery.,Reputational damage and contractual liability,High,Medium,Human Resources,CTRL-45112,In Remediation
RISK-46521,Unpatched Legacy Systems in Production,Legacy systems no longer receiving security updates remain exposed to known vulnerabilities.,Increased attack surface,Low,Medium,Engineering,CTRL-65977,In Remediation
RISK-19561,Lack of Network Segmentation,Flat network architecture allows lateral movement of attackers once a foothold is established.,Wider blast radius during a security incident,Medium,Medium,Internal Audit,CTRL-52518,Accepted
RISK-73074,Cloud Storage Misconfiguration,Publicly accessible cloud storage buckets could expose sensitive enterprise or customer data.,Data breach and compliance violation,High,Medium,Risk Management,CTRL-26430,Mitigated
RISK-76928,Phishing-Induced Credential Compromise,Employees without adequate security awareness training are susceptible to phishing attacks.,Account takeover and lateral movement,Low,Critical,Procurement,CTRL-15503,Mitigated
RISK-90461,Unmonitored Privileged Account Activity,Privileged account actions not logged or reviewed could allow malicious activity to go undetected.,Undetected data breach or fraud,High,Critical,Risk Management,CTRL-27399,Mitigated
RISK-61101,Phishing-Induced Credential Compromise,Employees without adequate security awareness training are susceptible to phishing attacks.,Account takeover and lateral movement,Medium,High,Human Resources,CTRL-24352,Open
RISK-66164,Third-Party Vendor Data Mishandling,Vendors without adequate security certifications may mishandle data shared with them during service delivery.,Reputational damage and contractual liability,Low,Critical,Internal Audit,CTRL-15674,Accepted
RISK-55209,Unauthorized Access to Production Systems,Weak access controls could allow unauthorized personnel to reach production environments and sensitive data.,Data breach and regulatory penalties,High,Low,Risk Management,CTRL-49937,Accepted
RISK-51094,Unpatched Legacy Systems in Production,Legacy systems no longer receiving security updates remain exposed to known vulnerabilities.,Increased attack surface,Low,High,Internal Audit,CTRL-99551,Open
RISK-61673,Non-Compliance with DPDP Consent Requirements,Processing personal data without valid recorded consent could violate DPDP obligations.,Regulatory fines and legal action,Medium,Medium,Internal Audit,CTRL-49331,In Remediation
RISK-56080,Insider Threat from Privileged Users,Excessive standing privileges for employees increase the risk of intentional or accidental data misuse.,Unauthorized data disclosure or sabotage,High,Low,Information Security,CTRL-21334,Open
RISK-50569,Unpatched Legacy Systems in Production,Legacy systems no longer receiving security updates remain exposed to known vulnerabilities.,Increased attack surface,Medium,Medium,Internal Audit,CTRL-15873,In Remediation
RISK-50957,Shadow IT Application Usage,Employees using unsanctioned applications introduce unmanaged security and compliance risk.,Data leakage through ungoverned channels,Low,High,Operations,CTRL-21163,Accepted
RISK-16181,Outdated Software Dependencies in Applications,Applications using unpatched third-party libraries are vulnerable to known exploits.,Application compromise and data loss,Medium,Medium,Data & Analytics,CTRL-55903,Open
RISK-93620,Insider Threat from Privileged Users,Excessive standing privileges for employees increase the risk of intentional or accidental data misuse.,Unauthorized data disclosure or sabotage,Low,Medium,Internal Audit,CTRL-97324,Open
RISK-54358,Data Exfiltration via Unencrypted Channels,Sensitive data transmitted without encryption could be intercepted by malicious actors on the network.,Loss of confidential business and customer data,Medium,Critical,Information Technology,CTRL-37734,Open
RISK-11085,Phishing-Induced Credential Compromise,Employees without adequate security awareness training are susceptible to phishing attacks.,Account takeover and lateral movement,High,Critical,Data & Analytics,CTRL-84039,Closed
RISK-10244,Unauthorized Access to Production Systems,Weak access controls could allow unauthorized personnel to reach production environments and sensitive data.,Data breach and regulatory penalties,High,Medium,Human Resources,CTRL-42825,In Remediation
RISK-71442,Outdated Software Dependencies in Applications,Applications using unpatched third-party libraries are vulnerable to known exploits.,Application compromise and data loss,Medium,High,Risk Management,CTRL-82790,In Remediation
RISK-62594,Insider Threat from Privileged Users,Excessive standing privileges for employees increase the risk of intentional or accidental data misuse.,Unauthorized data disclosure or sabotage,Low,Medium,Human Resources,CTRL-76659,Open
RISK-74033,Insider Threat from Privileged Users,Excessive standing privileges for employees increase the risk of intentional or accidental data misuse.,Unauthorized data disclosure or sabotage,Medium,Medium,Operations,CTRL-77196,In Remediation
RISK-16827,Weak Password Policy Enforcement,Insufficient password complexity and rotation requirements increase susceptibility to credential attacks.,Account compromise,High,High,Operations,CTRL-51875,In Remediation
RISK-68408,Excessive Data Retention Beyond Policy,Personal or sensitive data retained beyond defined retention periods increases breach exposure and compliance risk.,Regulatory non-compliance,Low,Medium,Information Technology,CTRL-21163,In Remediation
RISK-64998,Insufficient Vendor Contract Security Clauses,Vendor contracts lacking explicit data protection obligations weaken enforceability of security expectations.,Limited recourse in case of vendor breach,Medium,Low,Finance,CTRL-31983,Closed
RISK-24896,Lack of Network Segmentation,Flat network architecture allows lateral movement of attackers once a foothold is established.,Wider blast radius during a security incident,High,Medium,Procurement,CTRL-62994,Mitigated
RISK-94280,Weak Password Policy Enforcement,Insufficient password complexity and rotation requirements increase susceptibility to credential attacks.,Account compromise,Low,Medium,Human Resources,CTRL-27399,In Remediation
RISK-72059,Delayed Patching of Critical Vulnerabilities,Systems not patched within SLA windows remain exposed to known exploitable vulnerabilities.,Increased likelihood of successful cyberattack,Low,Low,Operations,CTRL-79910,Closed
RISK-63578,Weak Password Policy Enforcement,Insufficient password complexity and rotation requirements increase susceptibility to credential attacks.,Account compromise,Low,Medium,Legal & Compliance,CTRL-18317,In Remediation
RISK-79991,Inadequate Incident Response Readiness,Untested incident response procedures may delay containment and recovery during a security incident.,Extended breach impact and higher recovery cost,High,Low,Information Technology,CTRL-84898,Open
RISK-16326,Shadow IT Application Usage,Employees using unsanctioned applications introduce unmanaged security and compliance risk.,Data leakage through ungoverned channels,Low,Medium,Legal & Compliance,CTRL-93132,Mitigated
RISK-60287,Single Point of Failure in Backup Systems,"Lack of tested, redundant backups increases risk of permanent data loss during a disaster.",Business continuity disruption,Medium,Medium,Information Security,CTRL-47297,In Remediation
RISK-13326,Excessive Data Retention Beyond Policy,Personal or sensitive data retained beyond defined retention periods increases breach exposure and compliance risk.,Regulatory non-compliance,Medium,High,Procurement,CTRL-84898,Mitigated
RISK-28091,Shadow IT Application Usage,Employees using unsanctioned applications introduce unmanaged security and compliance risk.,Data leakage through ungoverned channels,High,High,Engineering,CTRL-45086,Mitigated
RISK-66750,Outdated Software Dependencies in Applications,Applications using unpatched third-party libraries are vulnerable to known exploits.,Application compromise and data loss,High,Medium,Information Security,CTRL-91192,In Remediation
RISK-85548,Inadequate Incident Response Readiness,Untested incident response procedures may delay containment and recovery during a security incident.,Extended breach impact and higher recovery cost,Medium,Medium,Human Resources,CTRL-52753,Closed
RISK-52711,Unpatched Legacy Systems in Production,Legacy systems no longer receiving security updates remain exposed to known vulnerabilities.,Increased attack surface,Low,Medium,Internal Audit,CTRL-88112,In Remediation
RISK-29344,Cloud Storage Misconfiguration,Publicly accessible cloud storage buckets could expose sensitive enterprise or customer data.,Data breach and compliance violation,Low,Medium,Information Technology,CTRL-92278,In Remediation
RISK-24250,Shadow IT Application Usage,Employees using unsanctioned applications introduce unmanaged security and compliance risk.,Data leakage through ungoverned channels,Medium,Medium,Internal Audit,CTRL-63082,Open
RISK-77456,Inadequate Incident Response Readiness,Untested incident response procedures may delay containment and recovery during a security incident.,Extended breach impact and higher recovery cost,High,Low,Finance,CTRL-49653,Open
RISK-76873,Cross-Border Data Transfer Without Safeguards,Transferring personal data outside approved jurisdictions without safeguards may violate data protection law.,Regulatory penalties and data subject complaints,Low,Critical,Operations,CTRL-35167,Open
RISK-62989,Non-Compliance with DPDP Consent Requirements,Processing personal data without valid recorded consent could violate DPDP obligations.,Regulatory fines and legal action,Medium,Medium,Finance,CTRL-67063,Accepted
RISK-50345,Outdated Software Dependencies in Applications,Applications using unpatched third-party libraries are vulnerable to known exploits.,Application compromise and data loss,Medium,Medium,Internal Audit,CTRL-30154,Open
RISK-20655,Single Point of Failure in Backup Systems,"Lack of tested, redundant backups increases risk of permanent data loss during a disaster.",Business continuity disruption,Medium,High,Human Resources,CTRL-76784,Mitigated
RISK-81420,Third-Party Vendor Data Mishandling,Vendors without adequate security certifications may mishandle data shared with them during service delivery.,Reputational damage and contractual liability,Low,High,Finance,CTRL-98273,Open
RISK-23813,Outdated Software Dependencies in Applications,Applications using unpatched third-party libraries are vulnerable to known exploits.,Application compromise and data loss,High,Low,Data & Analytics,CTRL-16004,Open
RISK-74748,Insufficient Vendor Contract Security Clauses,Vendor contracts lacking explicit data protection obligations weaken enforceability of security expectations.,Limited recourse in case of vendor breach,Medium,Low,Internal Audit,CTRL-92601,Mitigated
RISK-41929,Cross-Border Data Transfer Without Safeguards,Transferring personal data outside approved jurisdictions without safeguards may violate data protection law.,Regulatory penalties and data subject complaints,Low,Medium,Engineering,CTRL-57033,Closed
RISK-14131,Excessive Data Retention Beyond Policy,Personal or sensitive data retained beyond defined retention periods increases breach exposure and compliance risk.,Regulatory non-compliance,Low,Medium,Operations,CTRL-80559,Mitigated
RISK-60047,Unmonitored Privileged Account Activity,Privileged account actions not logged or reviewed could allow malicious activity to go undetected.,Undetected data breach or fraud,Medium,Medium,Engineering,CTRL-51875,Open
RISK-69593,Ransomware Infection on Endpoints,Insufficient endpoint protection increases exposure to ransomware attacks that could encrypt critical business data.,Operational downtime and financial loss,Medium,Critical,Engineering,CTRL-62994,In Remediation
RISK-19861,Non-Compliance with DPDP Consent Requirements,Processing personal data without valid recorded consent could violate DPDP obligations.,Regulatory fines and legal action,High,High,Legal & Compliance,CTRL-18470,In Remediation
RISK-30333,Unmonitored Privileged Account Activity,Privileged account actions not logged or reviewed could allow malicious activity to go undetected.,Undetected data breach or fraud,Low,Medium,Information Security,CTRL-32499,Open
RISK-81650,Outdated Software Dependencies in Applications,Applications using unpatched third-party libraries are vulnerable to known exploits.,Application compromise and data loss,Medium,Low,Legal & Compliance,CTRL-77762,Closed
RISK-77022,Lack of Network Segmentation,Flat network architecture allows lateral movement of attackers once a foothold is established.,Wider blast radius during a security incident,Medium,Medium,Human Resources,CTRL-49866,In Remediation
RISK-64794,Shadow IT Application Usage,Employees using unsanctioned applications introduce unmanaged security and compliance risk.,Data leakage through ungoverned channels,High,High,Data & Analytics,CTRL-23452,Mitigated
RISK-33581,Unpatched Legacy Systems in Production,Legacy systems no longer receiving security updates remain exposed to known vulnerabilities.,Increased attack surface,Low,High,Information Security,CTRL-64237,In Remediation
RISK-34585,Unpatched Legacy Systems in Production,Legacy systems no longer receiving security updates remain exposed to known vulnerabilities.,Increased attack surface,High,Critical,Finance,CTRL-85620,Open
RISK-40275,Ransomware Infection on Endpoints,Insufficient endpoint protection increases exposure to ransomware attacks that could encrypt critical business data.,Operational downtime and financial loss,High,High,Risk Management,CTRL-28994,Accepted
RISK-20828,Third-Party Vendor Data Mishandling,Vendors without adequate security certifications may mishandle data shared with them during service delivery.,Reputational damage and contractual liability,Medium,High,Risk Management,CTRL-88357,Accepted
RISK-87446,Unmonitored Privileged Account Activity,Privileged account actions not logged or reviewed could allow malicious activity to go undetected.,Undetected data breach or fraud,Medium,Low,Risk Management,CTRL-85620,In Remediation
RISK-60728,Unauthorized Access to Production Systems,Weak access controls could allow unauthorized personnel to reach production environments and sensitive data.,Data breach and regulatory penalties,High,Medium,Risk Management,CTRL-63148,In Remediation
RISK-44882,Ransomware Infection on Endpoints,Insufficient endpoint protection increases exposure to ransomware attacks that could encrypt critical business data.,Operational downtime and financial loss,High,Medium,Information Security,CTRL-92278,In Remediation
RISK-91164,Excessive Data Retention Beyond Policy,Personal or sensitive data retained beyond defined retention periods increases breach exposure and compliance risk.,Regulatory non-compliance,Medium,High,Finance,CTRL-84531,Accepted
RISK-24114,Third-Party Vendor Data Mishandling,Vendors without adequate security certifications may mishandle data shared with them during service delivery.,Reputational damage and contractual liability,Medium,High,Human Resources,CTRL-65977,Closed
RISK-71281,Shadow IT Application Usage,Employees using unsanctioned applications introduce unmanaged security and compliance risk.,Data leakage through ungoverned channels,Low,Medium,Data & Analytics,CTRL-98485,In Remediation
RISK-97948,Non-Compliance with DPDP Consent Requirements,Processing personal data without valid recorded consent could violate DPDP obligations.,Regulatory fines and legal action,Medium,High,Information Technology,CTRL-98273,Open
RISK-43217,Delayed Patching of Critical Vulnerabilities,Systems not patched within SLA windows remain exposed to known exploitable vulnerabilities.,Increased likelihood of successful cyberattack,High,High,Information Technology,CTRL-46748,Open
RISK-49881,Shadow IT Application Usage,Employees using unsanctioned applications introduce unmanaged security and compliance risk.,Data leakage through ungoverned channels,High,High,Risk Management,CTRL-55798,In Remediation
RISK-37028,Insufficient Vendor Contract Security Clauses,Vendor contracts lacking explicit data protection obligations weaken enforceability of security expectations.,Limited recourse in case of vendor breach,Low,High,Internal Audit,CTRL-37734,Mitigated
RISK-45919,Shadow IT Application Usage,Employees using unsanctioned applications introduce unmanaged security and compliance risk.,Data leakage through ungoverned channels,High,High,Internal Audit,CTRL-84039,Open
RISK-48223,Third-Party Vendor Data Mishandling,Vendors without adequate security certifications may mishandle data shared with them during service delivery.,Reputational damage and contractual liability,Medium,Critical,Human Resources,CTRL-48117,In Remediation
RISK-30521,Insufficient Vendor Contract Security Clauses,Vendor contracts lacking explicit data protection obligations weaken enforceability of security expectations.,Limited recourse in case of vendor breach,Medium,High,Information Security,CTRL-44081,In Remediation
RISK-52876,Unmonitored Privileged Account Activity,Privileged account actions not logged or reviewed could allow malicious activity to go undetected.,Undetected data breach or fraud,High,Medium,Information Security,CTRL-18738,Open
RISK-57433,Phishing-Induced Credential Compromise,Employees without adequate security awareness training are susceptible to phishing attacks.,Account takeover and lateral movement,Medium,High,Internal Audit,CTRL-58312,Open
RISK-69143,Single Point of Failure in Backup Systems,"Lack of tested, redundant backups increases risk of permanent data loss during a disaster.",Business continuity disruption,High,High,Engineering,CTRL-86730,Mitigated
RISK-13087,Delayed Patching of Critical Vulnerabilities,Systems not patched within SLA windows remain exposed to known exploitable vulnerabilities.,Increased likelihood of successful cyberattack,Low,High,Legal & Compliance,CTRL-64044,Accepted
RISK-74215,Insufficient Vendor Contract Security Clauses,Vendor contracts lacking explicit data protection obligations weaken enforceability of security expectations.,Limited recourse in case of vendor breach,Medium,Critical,Information Technology,CTRL-25609,Open
RISK-52993,Ransomware Infection on Endpoints,Insufficient endpoint protection increases exposure to ransomware attacks that could encrypt critical business data.,Operational downtime and financial loss,Low,Medium,Information Technology,CTRL-11597,In Remediation
RISK-28587,Insufficient Vendor Contract Security Clauses,Vendor contracts lacking explicit data protection obligations weaken enforceability of security expectations.,Limited recourse in case of vendor breach,Medium,Low,Human Resources,CTRL-31442,Closed
RISK-48513,Phishing-Induced Credential Compromise,Employees without adequate security awareness training are susceptible to phishing attacks.,Account takeover and lateral movement,High,Medium,Procurement,CTRL-24352,Open
RISK-50406,Third-Party Vendor Data Mishandling,Vendors without adequate security certifications may mishandle data shared with them during service delivery.,Reputational damage and contractual liability,High,High,Engineering,CTRL-32499,In Remediation
RISK-69591,Cloud Storage Misconfiguration,Publicly accessible cloud storage buckets could expose sensitive enterprise or customer data.,Data breach and compliance violation,Medium,Critical,Operations,CTRL-56638,Accepted
RISK-68645,Third-Party Vendor Data Mishandling,Vendors without adequate security certifications may mishandle data shared with them during service delivery.,Reputational damage and contractual liability,High,Critical,Legal & Compliance,CTRL-92278,Closed
RISK-56024,Inadequate Incident Response Readiness,Untested incident response procedures may delay containment and recovery during a security incident.,Extended breach impact and higher recovery cost,Low,High,Legal & Compliance,CTRL-61002,Closed
RISK-11906,Excessive Data Retention Beyond Policy,Personal or sensitive data retained beyond defined retention periods increases breach exposure and compliance risk.,Regulatory non-compliance,Low,High,Engineering,CTRL-27399,Open
RISK-71498,Lack of Network Segmentation,Flat network architecture allows lateral movement of attackers once a foothold is established.,Wider blast radius during a security incident,Medium,High,Information Security,CTRL-44258,Accepted
RISK-61548,Unpatched Legacy Systems in Production,Legacy systems no longer receiving security updates remain exposed to known vulnerabilities.,Increased attack surface,Medium,Low,Legal & Compliance,CTRL-42263,Accepted
RISK-22656,Non-Compliance with DPDP Consent Requirements,Processing personal data without valid recorded consent could violate DPDP obligations.,Regulatory fines and legal action,Medium,Low,Data & Analytics,CTRL-14870,Closed
RISK-76554,Unpatched Legacy Systems in Production,Legacy systems no longer receiving security updates remain exposed to known vulnerabilities.,Increased attack surface,Medium,Medium,Finance,CTRL-91192,Closed
RISK-82453,Cloud Storage Misconfiguration,Publicly accessible cloud storage buckets could expose sensitive enterprise or customer data.,Data breach and compliance violation,Medium,Critical,Risk Management,CTRL-31442,Open
RISK-56771,Delayed Patching of Critical Vulnerabilities,Systems not patched within SLA windows remain exposed to known exploitable vulnerabilities.,Increased likelihood of successful cyberattack,Low,Medium,Human Resources,CTRL-38246,Mitigated
RISK-15033,Data Exfiltration via Unencrypted Channels,Sensitive data transmitted without encryption could be intercepted by malicious actors on the network.,Loss of confidential business and customer data,Medium,Critical,Human Resources,CTRL-88112,Accepted
RISK-18453,Excessive Data Retention Beyond Policy,Personal or sensitive data retained beyond defined retention periods increases breach exposure and compliance risk.,Regulatory non-compliance,Low,High,Data & Analytics,CTRL-32499,Accepted
RISK-19647,Insufficient Vendor Contract Security Clauses,Vendor contracts lacking explicit data protection obligations weaken enforceability of security expectations.,Limited recourse in case of vendor breach,High,Critical,Human Resources,CTRL-13409,Open
RISK-44240,Lack of Network Segmentation,Flat network architecture allows lateral movement of attackers once a foothold is established.,Wider blast radius during a security incident,Medium,Low,Legal & Compliance,CTRL-43941,Open
RISK-97985,Outdated Software Dependencies in Applications,Applications using unpatched third-party libraries are vulnerable to known exploits.,Application compromise and data loss,Medium,Low,Engineering,CTRL-19096,Accepted
RISK-59030,Unauthorized Access to Production Systems,Weak access controls could allow unauthorized personnel to reach production environments and sensitive data.,Data breach and regulatory penalties,Medium,Medium,Information Technology,CTRL-30587,In Remediation
RISK-60377,Data Exfiltration via Unencrypted Channels,Sensitive data transmitted without encryption could be intercepted by malicious actors on the network.,Loss of confidential business and customer data,Medium,High,Risk Management,CTRL-75077,Mitigated
RISK-98713,Shadow IT Application Usage,Employees using unsanctioned applications introduce unmanaged security and compliance risk.,Data leakage through ungoverned channels,Medium,Medium,Engineering,CTRL-52511,Accepted
RISK-77669,Ransomware Infection on Endpoints,Insufficient endpoint protection increases exposure to ransomware attacks that could encrypt critical business data.,Operational downtime and financial loss,High,Medium,Information Technology,CTRL-74900,Mitigated
RISK-41148,Inadequate Incident Response Readiness,Untested incident response procedures may delay containment and recovery during a security incident.,Extended breach impact and higher recovery cost,Medium,Low,Information Security,CTRL-95201,Closed
RISK-29908,Third-Party Vendor Data Mishandling,Vendors without adequate security certifications may mishandle data shared with them during service delivery.,Reputational damage and contractual liability,High,High,Engineering,CTRL-30017,Closed
RISK-27765,Third-Party Vendor Data Mishandling,Vendors without adequate security certifications may mishandle data shared with them during service delivery.,Reputational damage and contractual liability,Medium,Low,Legal & Compliance,CTRL-89394,Mitigated
RISK-38160,Non-Compliance with DPDP Consent Requirements,Processing personal data without valid recorded consent could violate DPDP obligations.,Regulatory fines and legal action,High,High,Data & Analytics,CTRL-76784,In Remediation
RISK-79278,Insider Threat from Privileged Users,Excessive standing privileges for employees increase the risk of intentional or accidental data misuse.,Unauthorized data disclosure or sabotage,Medium,Medium,Data & Analytics,CTRL-33033,Open
RISK-74473,Delayed Patching of Critical Vulnerabilities,Systems not patched within SLA windows remain exposed to known exploitable vulnerabilities.,Increased likelihood of successful cyberattack,Medium,Medium,Legal & Compliance,CTRL-34563,Open
RISK-41435,Third-Party Vendor Data Mishandling,Vendors without adequate security certifications may mishandle data shared with them during service delivery.,Reputational damage and contractual liability,Medium,Low,Human Resources,CTRL-92576,Accepted
RISK-68665,Ransomware Infection on Endpoints,Insufficient endpoint protection increases exposure to ransomware attacks that could encrypt critical business data.,Operational downtime and financial loss,High,Low,Finance,CTRL-31848,Open
RISK-95074,Data Exfiltration via Unencrypted Channels,Sensitive data transmitted without encryption could be intercepted by malicious actors on the network.,Loss of confidential business and customer data,Medium,Critical,Information Security,CTRL-32312,Open
RISK-62255,Insufficient Vendor Contract Security Clauses,Vendor contracts lacking explicit data protection obligations weaken enforceability of security expectations.,Limited recourse in case of vendor breach,Medium,High,Legal & Compliance,CTRL-47406,Open
RISK-39713,Phishing-Induced Credential Compromise,Employees without adequate security awareness training are susceptible to phishing attacks.,Account takeover and lateral movement,Medium,High,Information Security,CTRL-30446,In Remediation
RISK-16496,Cross-Border Data Transfer Without Safeguards,Transferring personal data outside approved jurisdictions without safeguards may violate data protection law.,Regulatory penalties and data subject complaints,High,Medium,Risk Management,CTRL-79881,Open
RISK-33152,Third-Party Vendor Data Mishandling,Vendors without adequate security certifications may mishandle data shared with them during service delivery.,Reputational damage and contractual liability,Low,Low,Procurement,CTRL-54670,Mitigated
RISK-84353,Inadequate Incident Response Readiness,Untested incident response procedures may delay containment and recovery during a security incident.,Extended breach impact and higher recovery cost,High,Medium,Operations,CTRL-87547,Open
RISK-31975,Ransomware Infection on Endpoints,Insufficient endpoint protection increases exposure to ransomware attacks that could encrypt critical business data.,Operational downtime and financial loss,High,Critical,Information Technology,CTRL-31442,Closed
RISK-13889,Insufficient Vendor Contract Security Clauses,Vendor contracts lacking explicit data protection obligations weaken enforceability of security expectations.,Limited recourse in case of vendor breach,Medium,Critical,Engineering,CTRL-55962,Open
RISK-76548,Excessive Data Retention Beyond Policy,Personal or sensitive data retained beyond defined retention periods increases breach exposure and compliance risk.,Regulatory non-compliance,Medium,Critical,Information Technology,CTRL-38246,In Remediation
RISK-92550,Non-Compliance with DPDP Consent Requirements,Processing personal data without valid recorded consent could violate DPDP obligations.,Regulatory fines and legal action,Medium,High,Data & Analytics,CTRL-86730,Closed
RISK-81675,Insufficient Vendor Contract Security Clauses,Vendor contracts lacking explicit data protection obligations weaken enforceability of security expectations.,Limited recourse in case of vendor breach,Low,Critical,Legal & Compliance,CTRL-17485,In Remediation
RISK-98489,Third-Party Vendor Data Mishandling,Vendors without adequate security certifications may mishandle data shared with them during service delivery.,Reputational damage and contractual liability,Medium,Medium,Human Resources,CTRL-35877,In Remediation
RISK-41904,Inadequate Incident Response Readiness,Untested incident response procedures may delay containment and recovery during a security incident.,Extended breach impact and higher recovery cost,High,Low,Engineering,CTRL-14975,Closed
RISK-20989,Unauthorized Access to Production Systems,Weak access controls could allow unauthorized personnel to reach production environments and sensitive data.,Data breach and regulatory penalties,Medium,Medium,Finance,CTRL-10942,Closed
RISK-36479,Delayed Patching of Critical Vulnerabilities,Systems not patched within SLA windows remain exposed to known exploitable vulnerabilities.,Increased likelihood of successful cyberattack,High,High,Procurement,CTRL-27875,Mitigated
RISK-73112,Unmonitored Privileged Account Activity,Privileged account actions not logged or reviewed could allow malicious activity to go undetected.,Undetected data breach or fraud,High,Critical,Internal Audit,CTRL-31442,Accepted
RISK-73533,Lack of Network Segmentation,Flat network architecture allows lateral movement of attackers once a foothold is established.,Wider blast radius during a security incident,High,High,Human Resources,CTRL-80559,Accepted
RISK-40429,Cloud Storage Misconfiguration,Publicly accessible cloud storage buckets could expose sensitive enterprise or customer data.,Data breach and compliance violation,Medium,Low,Information Technology,CTRL-74171,Closed
RISK-58563,Cross-Border Data Transfer Without Safeguards,Transferring personal data outside approved jurisdictions without safeguards may violate data protection law.,Regulatory penalties and data subject complaints,Low,Critical,Information Technology,CTRL-18738,In Remediation
RISK-51205,Unpatched Legacy Systems in Production,Legacy systems no longer receiving security updates remain exposed to known vulnerabilities.,Increased attack surface,Low,Medium,Data & Analytics,CTRL-63148,Mitigated
RISK-85521,Lack of Network Segmentation,Flat network architecture allows lateral movement of attackers once a foothold is established.,Wider blast radius during a security incident,Medium,Medium,Information Technology,CTRL-92576,In Remediation
RISK-57747,Shadow IT Application Usage,Employees using unsanctioned applications introduce unmanaged security and compliance risk.,Data leakage through ungoverned channels,High,Medium,Human Resources,CTRL-38186,Open
RISK-22001,Outdated Software Dependencies in Applications,Applications using unpatched third-party libraries are vulnerable to known exploits.,Application compromise and data loss,Medium,Critical,Information Security,CTRL-36249,In Remediation
RISK-31727,Lack of Network Segmentation,Flat network architecture allows lateral movement of attackers once a foothold is established.,Wider blast radius during a security incident,Medium,High,Human Resources,CTRL-62960,Open
RISK-81497,Delayed Patching of Critical Vulnerabilities,Systems not patched within SLA windows remain exposed to known exploitable vulnerabilities.,Increased likelihood of successful cyberattack,High,High,Risk Management,CTRL-33033,Open
RISK-14981,Weak Password Policy Enforcement,Insufficient password complexity and rotation requirements increase susceptibility to credential attacks.,Account compromise,High,Medium,Procurement,CTRL-89811,Open
RISK-58462,Ransomware Infection on Endpoints,Insufficient endpoint protection increases exposure to ransomware attacks that could encrypt critical business data.,Operational downtime and financial loss,High,Medium,Legal & Compliance,CTRL-99551,Accepted
RISK-94436,Non-Compliance with DPDP Consent Requirements,Processing personal data without valid recorded consent could violate DPDP obligations.,Regulatory fines and legal action,Low,Medium,Human Resources,CTRL-30017,In Remediation
RISK-89467,Data Exfiltration via Unencrypted Channels,Sensitive data transmitted without encryption could be intercepted by malicious actors on the network.,Loss of confidential business and customer data,Low,Low,Data & Analytics,CTRL-82790,Open
RISK-51721,Excessive Data Retention Beyond Policy,Personal or sensitive data retained beyond defined retention periods increases breach exposure and compliance risk.,Regulatory non-compliance,Medium,Medium,Risk Management,CTRL-52471,In Remediation
RISK-83258,Insufficient Vendor Contract Security Clauses,Vendor contracts lacking explicit data protection obligations weaken enforceability of security expectations.,Limited recourse in case of vendor breach,Medium,High,Human Resources,CTRL-80753,Mitigated
RISK-42556,Lack of Network Segmentation,Flat network architecture allows lateral movement of attackers once a foothold is established.,Wider blast radius during a security incident,Medium,High,Procurement,CTRL-16004,In Remediation
RISK-33244,Phishing-Induced Credential Compromise,Employees without adequate security awareness training are susceptible to phishing attacks.,Account takeover and lateral movement,Low,Low,Finance,CTRL-84531,Closed
RISK-40974,Delayed Patching of Critical Vulnerabilities,Systems not patched within SLA windows remain exposed to known exploitable vulnerabilities.,Increased likelihood of successful cyberattack,Medium,Medium,Information Technology,CTRL-95295,Accepted
RISK-32898,Cross-Border Data Transfer Without Safeguards,Transferring personal data outside approved jurisdictions without safeguards may violate data protection law.,Regulatory penalties and data subject complaints,High,Medium,Information Security,CTRL-92272,In Remediation
RISK-14222,Insider Threat from Privileged Users,Excessive standing privileges for employees increase the risk of intentional or accidental data misuse.,Unauthorized data disclosure or sabotage,High,Low,Risk Management,CTRL-53256,In Remediation
RISK-76585,Delayed Patching of Critical Vulnerabilities,Systems not patched within SLA windows remain exposed to known exploitable vulnerabilities.,Increased likelihood of successful cyberattack,High,High,Data & Analytics,CTRL-22310,Mitigated
RISK-23717,Ransomware Infection on Endpoints,Insufficient endpoint protection increases exposure to ransomware attacks that could encrypt critical business data.,Operational downtime and financial loss,High,Critical,Data & Analytics,CTRL-30021,Accepted
RISK-11826,Phishing-Induced Credential Compromise,Employees without adequate security awareness training are susceptible to phishing attacks.,Account takeover and lateral movement,Medium,Medium,Legal & Compliance,CTRL-92128,In Remediation
RISK-18908,Weak Password Policy Enforcement,Insufficient password complexity and rotation requirements increase susceptibility to credential attacks.,Account compromise,High,Low,Legal & Compliance,CTRL-49653,Open
RISK-49369,Third-Party Vendor Data Mishandling,Vendors without adequate security certifications may mishandle data shared with them during service delivery.,Reputational damage and contractual liability,Low,Critical,Procurement,CTRL-81038,Open
RISK-42634,Single Point of Failure in Backup Systems,"Lack of tested, redundant backups increases risk of permanent data loss during a disaster.",Business continuity disruption,High,Medium,Operations,CTRL-80109,Closed
RISK-79845,Inadequate Incident Response Readiness,Untested incident response procedures may delay containment and recovery during a security incident.,Extended breach impact and higher recovery cost,Low,Medium,Engineering,CTRL-37692,Closed
RISK-33614,Shadow IT Application Usage,Employees using unsanctioned applications introduce unmanaged security and compliance risk.,Data leakage through ungoverned channels,Medium,Medium,Internal Audit,CTRL-93132,Open
RISK-53436,Delayed Patching of Critical Vulnerabilities,Systems not patched within SLA windows remain exposed to known exploitable vulnerabilities.,Increased likelihood of successful cyberattack,Medium,High,Data & Analytics,CTRL-52753,Open
RISK-83200,Data Exfiltration via Unencrypted Channels,Sensitive data transmitted without encryption could be intercepted by malicious actors on the network.,Loss of confidential business and customer data,Low,Medium,Legal & Compliance,CTRL-12147,Mitigated
RISK-58805,Unauthorized Access to Production Systems,Weak access controls could allow unauthorized personnel to reach production environments and sensitive data.,Data breach and regulatory penalties,Medium,Medium,Internal Audit,CTRL-55798,In Remediation
