DeviceID,EmployeeID,DeviceType,OperatingSystem,OSVersion,EncryptionEnabled,FirewallEnabled,AntivirusInstalled,EDRInstalled,ComplianceStatus,RiskLevel,LastPatchDate
DEV0001,EMP0001,Mobile Phone,iOS,17.4,FALSE,TRUE,TRUE,TRUE,Partially Compliant,Medium,2026-06-09
DEV0002,EMP0002,Desktop,Windows,10 Enterprise 22H2,FALSE,TRUE,TRUE,TRUE,Non-Compliant,High,2026-04-30
DEV0003,EMP0003,Laptop,macOS,Sequoia 15.1,TRUE,TRUE,TRUE,TRUE,Compliant,Low,2026-07-24
DEV0004,EMP0004,Laptop,Windows,11 Pro 23H2,TRUE,TRUE,TRUE,FALSE,Partially Compliant,Medium,2026-06-03
DEV0005,EMP0005,Desktop,Windows,10 Enterprise 22H2,TRUE,TRUE,TRUE,FALSE,Partially Compliant,Medium,2026-06-10
DEV0006,EMP0006,Laptop,macOS,Sonoma 14.5,TRUE,TRUE,TRUE,FALSE,Partially Compliant,Medium,2026-07-03
DEV0007,EMP0007,Laptop,macOS,Sonoma 14.5,TRUE,TRUE,FALSE,FALSE,Non-Compliant,Critical,2026-04-15
DEV0008,EMP0008,Laptop,macOS,Ventura 13.6,TRUE,TRUE,TRUE,TRUE,Compliant,Low,2026-08-07
DEV0009,EMP0009,Laptop,Windows,11 Pro 23H2,TRUE,TRUE,TRUE,TRUE,Partially Compliant,Medium,2026-06-22
DEV0010,EMP0010,Tablet,Android,13,TRUE,FALSE,TRUE,FALSE,Non-Compliant,Critical,2026-04-28
DEV0011,EMP0011,Laptop,Windows,11 Pro 23H2,FALSE,TRUE,TRUE,TRUE,Non-Compliant,High,2026-04-10
DEV0012,EMP0012,Desktop,Windows,11 Pro 23H2,TRUE,TRUE,TRUE,FALSE,Non-Compliant,Critical,2025-12-02
DEV0013,EMP0013,Laptop,macOS,Sonoma 14.5,TRUE,TRUE,FALSE,TRUE,Partially Compliant,Medium,2026-06-02
DEV0014,EMP0014,Laptop,Windows,11 Pro 23H2,TRUE,TRUE,TRUE,TRUE,Compliant,Low,2026-07-13
DEV0015,EMP0015,Laptop,Windows,11 Pro 22H2,TRUE,TRUE,TRUE,TRUE,Compliant,Low,2026-08-07
DEV0016,EMP0016,Laptop,macOS,Sequoia 15.1,TRUE,TRUE,TRUE,TRUE,Non-Compliant,Medium,2025-12-18
DEV0017,EMP0017,Laptop,Windows,10 Enterprise 22H2,TRUE,TRUE,TRUE,TRUE,Non-Compliant,High,2026-04-13
DEV0018,EMP0018,Tablet,Android,13,TRUE,TRUE,TRUE,TRUE,Partially Compliant,Low,2026-06-05
DEV0019,EMP0019,Desktop,Windows,10 Enterprise 22H2,FALSE,TRUE,TRUE,TRUE,Partially Compliant,Medium,2026-05-25
DEV0020,EMP0020,Desktop,Linux,Ubuntu 22.04 LTS,TRUE,TRUE,FALSE,FALSE,Partially Compliant,Medium,2026-05-09
DEV0021,EMP0021,Laptop,Windows,11 Pro 22H2,FALSE,TRUE,TRUE,FALSE,Non-Compliant,Medium,2026-05-06
DEV0022,EMP0022,Laptop,Linux,Ubuntu 24.04 LTS,TRUE,TRUE,TRUE,TRUE,Non-Compliant,High,2025-08-22
DEV0023,EMP0023,Mobile Phone,iOS,17.5.1,TRUE,FALSE,TRUE,TRUE,Partially Compliant,Low,2026-05-23
DEV0024,EMP0024,Tablet,iPadOS,17.5,TRUE,TRUE,TRUE,FALSE,Non-Compliant,High,2026-04-13
DEV0025,EMP0025,Desktop,Windows,11 Pro 23H2,FALSE,TRUE,FALSE,FALSE,Non-Compliant,High,2025-07-22
DEV0026,EMP0026,Laptop,Linux,Fedora 40,FALSE,TRUE,FALSE,FALSE,Non-Compliant,High,2025-08-06
DEV0027,EMP0027,Laptop,Windows,11 Pro 23H2,TRUE,TRUE,TRUE,TRUE,Compliant,Low,2026-08-05
DEV0028,EMP0028,Laptop,macOS,Sonoma 14.5,TRUE,TRUE,TRUE,TRUE,Compliant,Low,2026-08-04
DEV0029,EMP0029,Laptop,macOS,Sonoma 14.5,TRUE,TRUE,TRUE,TRUE,Compliant,Low,2026-07-13
DEV0030,EMP0030,Tablet,Android,13,TRUE,TRUE,TRUE,TRUE,Compliant,Low,2026-07-25
DEV0031,EMP0031,Laptop,Linux,Ubuntu 22.04 LTS,TRUE,TRUE,TRUE,TRUE,Compliant,Low,2026-08-07
DEV0032,EMP0032,Laptop,macOS,Sonoma 14.5,TRUE,TRUE,TRUE,FALSE,Partially Compliant,Medium,2026-06-21
DEV0033,EMP0033,Mobile Phone,Android,13,TRUE,FALSE,TRUE,TRUE,Non-Compliant,High,2026-04-13
DEV0034,EMP0034,Laptop,Windows,10 Enterprise 22H2,TRUE,TRUE,FALSE,FALSE,Partially Compliant,Low,2026-05-19
DEV0035,EMP0035,Laptop,Windows,11 Pro 23H2,TRUE,TRUE,FALSE,FALSE,Partially Compliant,Medium,2026-06-14
DEV0036,EMP0036,Tablet,Android,14,TRUE,TRUE,TRUE,TRUE,Compliant,Low,2026-07-11
DEV0037,EMP0037,Desktop,Windows,11 Pro 23H2,TRUE,TRUE,TRUE,TRUE,Non-Compliant,Medium,2026-05-01
DEV0038,EMP0038,Laptop,Linux,Ubuntu 22.04 LTS,TRUE,TRUE,TRUE,TRUE,Non-Compliant,High,2026-04-18
DEV0039,EMP0039,Mobile Phone,Android,14,TRUE,TRUE,TRUE,FALSE,Partially Compliant,Medium,2026-06-29
DEV0040,EMP0040,Laptop,Linux,Ubuntu 24.04 LTS,TRUE,TRUE,TRUE,TRUE,Compliant,Low,2026-07-12
DEV0041,EMP0041,Laptop,macOS,Sonoma 14.5,TRUE,TRUE,TRUE,TRUE,Compliant,Low,2026-07-16
DEV0042,EMP0042,Mobile Phone,Android,15,TRUE,TRUE,TRUE,TRUE,Compliant,Low,2026-07-12
DEV0043,EMP0043,Mobile Phone,iOS,17.5.1,TRUE,TRUE,TRUE,TRUE,Partially Compliant,Medium,2026-06-01
DEV0044,EMP0044,Mobile Phone,iOS,17.4,TRUE,TRUE,TRUE,TRUE,Compliant,Low,2026-08-01
DEV0045,EMP0045,Desktop,Windows,11 Pro 23H2,TRUE,FALSE,TRUE,TRUE,Non-Compliant,Critical,2026-05-05
DEV0046,EMP0046,Desktop,Windows,11 Pro 23H2,TRUE,TRUE,TRUE,TRUE,Partially Compliant,Low,2026-07-07
DEV0047,EMP0047,Laptop,Windows,11 Pro 23H2,TRUE,FALSE,TRUE,FALSE,Partially Compliant,Low,2026-05-16
DEV0048,EMP0048,Tablet,iPadOS,18.0,TRUE,FALSE,TRUE,FALSE,Partially Compliant,Medium,2026-05-19
DEV0049,EMP0049,Laptop,Linux,Ubuntu 24.04 LTS,TRUE,TRUE,FALSE,FALSE,Partially Compliant,Medium,2026-06-17
DEV0050,EMP0050,Laptop,Linux,Ubuntu 22.04 LTS,TRUE,TRUE,TRUE,FALSE,Partially Compliant,Medium,2026-06-14
DEV0051,EMP0051,Laptop,macOS,Sequoia 15.1,FALSE,TRUE,TRUE,TRUE,Non-Compliant,Critical,2026-04-11
DEV0052,EMP0052,Laptop,macOS,Sonoma 14.5,TRUE,TRUE,TRUE,TRUE,Compliant,Low,2026-07-16
DEV0053,EMP0053,Mobile Phone,Android,15,TRUE,TRUE,TRUE,TRUE,Compliant,Low,2026-07-17
DEV0054,EMP0054,Laptop,Windows,11 Pro 23H2,FALSE,TRUE,FALSE,TRUE,Non-Compliant,Critical,2026-04-16
DEV0055,EMP0055,Tablet,iPadOS,17.5,TRUE,TRUE,TRUE,TRUE,Compliant,Low,2026-07-18
DEV0056,EMP0056,Tablet,iPadOS,18.0,FALSE,TRUE,TRUE,TRUE,Partially Compliant,Medium,2026-07-03
DEV0057,EMP0057,Tablet,Android,14,TRUE,TRUE,TRUE,TRUE,Partially Compliant,Low,2026-06-29
DEV0058,EMP0058,Laptop,macOS,Sequoia 15.1,TRUE,TRUE,TRUE,FALSE,Partially Compliant,Low,2026-06-12
DEV0059,EMP0059,Mobile Phone,Android,13,TRUE,TRUE,TRUE,TRUE,Non-Compliant,Medium,2026-04-10
DEV0060,EMP0060,Laptop,Linux,Ubuntu 24.04 LTS,TRUE,TRUE,TRUE,TRUE,Partially Compliant,Medium,2026-06-19
DEV0061,EMP0061,Tablet,iPadOS,18.0,FALSE,TRUE,TRUE,FALSE,Partially Compliant,Medium,2026-06-07
DEV0062,EMP0062,Laptop,Windows,10 Enterprise 22H2,FALSE,TRUE,TRUE,TRUE,Partially Compliant,Medium,2026-07-05
DEV0063,EMP0063,Laptop,Windows,10 Enterprise 22H2,TRUE,TRUE,TRUE,TRUE,Compliant,Low,2026-07-24
DEV0064,EMP0064,Laptop,Windows,11 Pro 22H2,TRUE,TRUE,TRUE,TRUE,Compliant,Low,2026-07-25
DEV0065,EMP0065,Laptop,Linux,Ubuntu 22.04 LTS,TRUE,TRUE,TRUE,TRUE,Compliant,Low,2026-08-01
DEV0066,EMP0066,Laptop,Windows,11 Pro 23H2,TRUE,TRUE,TRUE,TRUE,Non-Compliant,High,2026-05-01
DEV0067,EMP0067,Laptop,Linux,Ubuntu 24.04 LTS,TRUE,FALSE,TRUE,FALSE,Partially Compliant,Medium,2026-06-01
DEV0068,EMP0068,Tablet,iPadOS,17.5,TRUE,TRUE,TRUE,TRUE,Compliant,Low,2026-07-30
DEV0069,EMP0069,Laptop,Linux,Fedora 40,TRUE,FALSE,TRUE,TRUE,Partially Compliant,Medium,2026-07-03
DEV0070,EMP0070,Laptop,macOS,Ventura 13.6,TRUE,TRUE,TRUE,TRUE,Partially Compliant,Low,2026-06-21
DEV0071,EMP0071,Desktop,Windows,10 Enterprise 22H2,TRUE,TRUE,TRUE,TRUE,Compliant,Low,2026-07-28
DEV0072,EMP0072,Mobile Phone,iOS,17.5.1,TRUE,TRUE,TRUE,TRUE,Non-Compliant,High,2026-04-13
DEV0073,EMP0073,Tablet,Android,14,TRUE,TRUE,TRUE,TRUE,Compliant,Low,2026-08-01
DEV0074,EMP0074,Tablet,iPadOS,17.5,TRUE,TRUE,TRUE,TRUE,Compliant,Low,2026-08-03
DEV0075,EMP0075,Laptop,Windows,11 Pro 22H2,TRUE,TRUE,TRUE,TRUE,Compliant,Low,2026-07-14
DEV0076,EMP0076,Tablet,iPadOS,18.0,TRUE,TRUE,FALSE,FALSE,Partially Compliant,Low,2026-05-22
DEV0077,EMP0077,Laptop,macOS,Sequoia 15.1,TRUE,TRUE,TRUE,TRUE,Compliant,Low,2026-07-30
DEV0078,EMP0078,Mobile Phone,iOS,17.5.1,TRUE,TRUE,TRUE,FALSE,Non-Compliant,Critical,2026-04-18
DEV0079,EMP0079,Laptop,Linux,Ubuntu 22.04 LTS,TRUE,TRUE,TRUE,TRUE,Non-Compliant,Medium,2026-04-27
DEV0080,EMP0080,Desktop,Linux,Ubuntu 24.04 LTS,TRUE,TRUE,TRUE,FALSE,Partially Compliant,Medium,2026-05-25
DEV0081,EMP0081,Mobile Phone,iOS,18.0,TRUE,TRUE,TRUE,FALSE,Partially Compliant,Medium,2026-06-05
DEV0082,EMP0082,Laptop,Linux,Fedora 40,TRUE,TRUE,TRUE,TRUE,Compliant,Low,2026-07-23
DEV0083,EMP0083,Laptop,Linux,Fedora 40,TRUE,TRUE,FALSE,TRUE,Partially Compliant,Medium,2026-06-05
DEV0084,EMP0084,Laptop,macOS,Sequoia 15.1,TRUE,TRUE,FALSE,FALSE,Non-Compliant,High,2026-01-07
DEV0085,EMP0085,Laptop,Windows,11 Pro 22H2,TRUE,TRUE,TRUE,TRUE,Compliant,Low,2026-08-02
DEV0086,EMP0086,Tablet,Android,14,TRUE,TRUE,TRUE,FALSE,Partially Compliant,Low,2026-05-22
DEV0087,EMP0087,Desktop,Windows,10 Enterprise 22H2,FALSE,TRUE,TRUE,TRUE,Non-Compliant,Critical,2026-01-28
DEV0088,EMP0088,Mobile Phone,Android,15,TRUE,TRUE,TRUE,TRUE,Compliant,Low,2026-07-21
DEV0089,EMP0089,Tablet,iPadOS,17.5,FALSE,TRUE,FALSE,TRUE,Partially Compliant,Medium,2026-06-04
DEV0090,EMP0090,Desktop,Windows,11 Pro 23H2,TRUE,TRUE,TRUE,TRUE,Compliant,Low,2026-07-08
DEV0091,EMP0091,Laptop,Linux,Fedora 40,FALSE,TRUE,TRUE,TRUE,Non-Compliant,High,2026-04-17
DEV0092,EMP0092,Tablet,iPadOS,18.0,FALSE,TRUE,TRUE,FALSE,Partially Compliant,Medium,2026-05-20
DEV0093,EMP0093,Desktop,Windows,11 Pro 23H2,TRUE,TRUE,FALSE,TRUE,Non-Compliant,Critical,2026-04-21
DEV0094,EMP0094,Tablet,iPadOS,18.0,TRUE,FALSE,TRUE,TRUE,Partially Compliant,Medium,2026-06-18
DEV0095,EMP0095,Mobile Phone,Android,15,TRUE,FALSE,TRUE,TRUE,Partially Compliant,Medium,2026-06-22
DEV0096,EMP0096,Laptop,macOS,Sonoma 14.5,TRUE,TRUE,TRUE,TRUE,Compliant,Low,2026-07-12
DEV0097,EMP0097,Desktop,Linux,Ubuntu 24.04 LTS,TRUE,TRUE,TRUE,FALSE,Partially Compliant,Low,2026-05-09
DEV0098,EMP0098,Mobile Phone,Android,15,TRUE,TRUE,TRUE,TRUE,Compliant,Low,2026-08-02
DEV0099,EMP0099,Mobile Phone,Android,13,TRUE,TRUE,TRUE,TRUE,Compliant,Low,2026-07-15
DEV0100,EMP0100,Mobile Phone,Android,14,FALSE,TRUE,TRUE,TRUE,Non-Compliant,High,2026-05-07
DEV0101,EMP0101,Laptop,Windows,11 Pro 23H2,TRUE,TRUE,TRUE,TRUE,Compliant,Low,2026-07-08
DEV0102,EMP0102,Desktop,Linux,Ubuntu 24.04 LTS,FALSE,TRUE,TRUE,TRUE,Non-Compliant,Medium,2026-04-25
DEV0103,EMP0103,Desktop,Windows,11 Pro 23H2,TRUE,TRUE,TRUE,FALSE,Non-Compliant,Medium,2026-04-19
DEV0104,EMP0104,Tablet,iPadOS,17.5,TRUE,TRUE,FALSE,TRUE,Partially Compliant,Medium,2026-06-12
DEV0105,EMP0105,Desktop,Windows,11 Pro 23H2,TRUE,TRUE,TRUE,TRUE,Compliant,Low,2026-08-03
DEV0106,EMP0106,Desktop,Linux,Ubuntu 24.04 LTS,TRUE,TRUE,TRUE,TRUE,Compliant,Low,2026-07-15
DEV0107,EMP0107,Laptop,macOS,Sequoia 15.1,TRUE,TRUE,TRUE,TRUE,Non-Compliant,Critical,2026-04-30
DEV0108,EMP0108,Laptop,macOS,Sonoma 14.5,TRUE,TRUE,TRUE,FALSE,Non-Compliant,Critical,2026-04-18
DEV0109,EMP0109,Laptop,macOS,Sonoma 14.5,FALSE,TRUE,TRUE,TRUE,Partially Compliant,Low,2026-05-25
DEV0110,EMP0110,Laptop,macOS,Ventura 13.6,FALSE,TRUE,TRUE,TRUE,Partially Compliant,Medium,2026-06-29
DEV0111,EMP0111,Mobile Phone,Android,13,TRUE,TRUE,TRUE,TRUE,Compliant,Low,2026-08-02
DEV0112,EMP0112,Laptop,Windows,11 Pro 22H2,FALSE,TRUE,TRUE,FALSE,Partially Compliant,Low,2026-06-25
DEV0113,EMP0113,Laptop,Linux,Fedora 40,FALSE,TRUE,TRUE,TRUE,Partially Compliant,Medium,2026-07-06
DEV0114,EMP0114,Tablet,iPadOS,18.0,FALSE,TRUE,FALSE,TRUE,Non-Compliant,Critical,2026-05-02
DEV0115,EMP0115,Desktop,Windows,10 Enterprise 22H2,FALSE,FALSE,TRUE,TRUE,Non-Compliant,High,2026-04-25
DEV0116,EMP0116,Desktop,Linux,Ubuntu 22.04 LTS,TRUE,TRUE,TRUE,TRUE,Compliant,Low,2026-07-19
DEV0117,EMP0117,Tablet,iPadOS,17.5,TRUE,FALSE,TRUE,FALSE,Partially Compliant,Medium,2026-05-16
DEV0118,EMP0118,Desktop,Windows,11 Pro 23H2,TRUE,TRUE,TRUE,FALSE,Partially Compliant,Medium,2026-05-15
DEV0119,EMP0119,Laptop,Windows,11 Pro 22H2,TRUE,TRUE,TRUE,TRUE,Compliant,Low,2026-07-31
DEV0120,EMP0120,Laptop,Linux,Fedora 40,TRUE,TRUE,TRUE,TRUE,Compliant,Low,2026-07-21
DEV0121,EMP0121,Tablet,iPadOS,18.0,TRUE,FALSE,FALSE,TRUE,Non-Compliant,High,2026-04-19
DEV0122,EMP0122,Tablet,iPadOS,18.0,TRUE,TRUE,TRUE,TRUE,Compliant,Low,2026-08-05
DEV0123,EMP0123,Mobile Phone,Android,14,TRUE,TRUE,TRUE,TRUE,Partially Compliant,Medium,2026-06-09
DEV0124,EMP0124,Desktop,Windows,10 Enterprise 22H2,TRUE,TRUE,TRUE,TRUE,Non-Compliant,High,2026-04-10
DEV0125,EMP0125,Laptop,Linux,Fedora 40,TRUE,TRUE,TRUE,TRUE,Compliant,Low,2026-07-13
DEV0126,EMP0126,Laptop,Windows,11 Pro 23H2,TRUE,TRUE,TRUE,TRUE,Partially Compliant,Medium,2026-06-13
DEV0127,EMP0127,Mobile Phone,iOS,18.0,TRUE,TRUE,TRUE,TRUE,Compliant,Low,2026-07-10
DEV0128,EMP0128,Tablet,Android,13,TRUE,TRUE,TRUE,TRUE,Compliant,Low,2026-07-17
DEV0129,EMP0129,Tablet,iPadOS,17.5,TRUE,TRUE,TRUE,TRUE,Partially Compliant,Medium,2026-06-18
DEV0130,EMP0130,Laptop,macOS,Sonoma 14.5,FALSE,FALSE,TRUE,TRUE,Partially Compliant,Low,2026-05-24
DEV0131,EMP0131,Laptop,Windows,11 Pro 23H2,TRUE,TRUE,TRUE,TRUE,Compliant,Low,2026-07-20
DEV0132,EMP0132,Laptop,macOS,Sonoma 14.5,TRUE,TRUE,TRUE,TRUE,Partially Compliant,Low,2026-06-07
DEV0133,EMP0133,Mobile Phone,Android,15,TRUE,TRUE,TRUE,TRUE,Compliant,Low,2026-08-05
DEV0134,EMP0134,Laptop,Windows,11 Pro 22H2,FALSE,TRUE,TRUE,FALSE,Partially Compliant,Medium,2026-06-17
DEV0135,EMP0135,Laptop,Linux,Fedora 40,TRUE,TRUE,TRUE,FALSE,Partially Compliant,Medium,2026-05-11
DEV0136,EMP0136,Mobile Phone,iOS,17.4,TRUE,FALSE,TRUE,TRUE,Partially Compliant,Medium,2026-06-01
DEV0137,EMP0137,Tablet,Android,14,TRUE,TRUE,TRUE,FALSE,Non-Compliant,High,2026-04-12
DEV0138,EMP0138,Mobile Phone,Android,15,TRUE,TRUE,TRUE,TRUE,Compliant,Low,2026-07-31
DEV0139,EMP0139,Laptop,macOS,Ventura 13.6,TRUE,TRUE,FALSE,TRUE,Partially Compliant,Low,2026-05-13
DEV0140,EMP0140,Laptop,Linux,Ubuntu 24.04 LTS,TRUE,TRUE,TRUE,TRUE,Compliant,Low,2026-07-10
DEV0141,EMP0141,Laptop,Linux,Ubuntu 24.04 LTS,TRUE,TRUE,TRUE,TRUE,Non-Compliant,Critical,2026-04-21
DEV0142,EMP0142,Tablet,iPadOS,18.0,TRUE,TRUE,TRUE,TRUE,Compliant,Low,2026-07-28
DEV0143,EMP0143,Laptop,macOS,Ventura 13.6,TRUE,TRUE,TRUE,TRUE,Compliant,Low,2026-08-02
DEV0144,EMP0144,Laptop,Linux,Ubuntu 22.04 LTS,TRUE,TRUE,TRUE,TRUE,Compliant,Low,2026-07-21
DEV0145,EMP0145,Mobile Phone,iOS,17.5.1,TRUE,TRUE,FALSE,FALSE,Non-Compliant,Medium,2026-04-14
DEV0146,EMP0146,Laptop,Linux,Ubuntu 24.04 LTS,TRUE,TRUE,TRUE,FALSE,Partially Compliant,Low,2026-05-23
DEV0147,EMP0147,Desktop,Linux,Ubuntu 24.04 LTS,FALSE,TRUE,TRUE,FALSE,Partially Compliant,Medium,2026-05-18
DEV0148,EMP0148,Mobile Phone,Android,13,FALSE,TRUE,TRUE,FALSE,Partially Compliant,Medium,2026-06-22
DEV0149,EMP0149,Laptop,Windows,11 Pro 22H2,FALSE,TRUE,TRUE,TRUE,Partially Compliant,Medium,2026-06-04
DEV0150,EMP0150,Tablet,iPadOS,18.0,TRUE,FALSE,TRUE,TRUE,Non-Compliant,High,2026-05-08
DEV0151,EMP0151,Laptop,Windows,11 Pro 23H2,TRUE,TRUE,TRUE,TRUE,Partially Compliant,Medium,2026-07-03
DEV0152,EMP0152,Laptop,Linux,Fedora 40,TRUE,FALSE,TRUE,FALSE,Partially Compliant,Medium,2026-07-04
DEV0153,EMP0153,Tablet,Android,14,TRUE,TRUE,TRUE,TRUE,Compliant,Low,2026-07-30
DEV0154,EMP0154,Mobile Phone,iOS,17.4,TRUE,TRUE,TRUE,TRUE,Compliant,Low,2026-07-13
DEV0155,EMP0155,Mobile Phone,iOS,17.4,TRUE,TRUE,TRUE,TRUE,Compliant,Low,2026-07-09
DEV0156,EMP0156,Laptop,macOS,Ventura 13.6,TRUE,TRUE,FALSE,TRUE,Partially Compliant,Medium,2026-05-19
DEV0157,EMP0157,Desktop,Linux,Ubuntu 24.04 LTS,TRUE,TRUE,FALSE,FALSE,Partially Compliant,Low,2026-06-07
DEV0158,EMP0158,Tablet,Android,14,TRUE,TRUE,TRUE,TRUE,Compliant,Low,2026-07-11
DEV0159,EMP0159,Desktop,Linux,Ubuntu 24.04 LTS,FALSE,TRUE,TRUE,FALSE,Partially Compliant,Low,2026-05-17
DEV0160,EMP0160,Desktop,Linux,Ubuntu 22.04 LTS,TRUE,TRUE,TRUE,TRUE,Partially Compliant,Low,2026-06-02
DEV0161,EMP0161,Laptop,Windows,11 Pro 23H2,TRUE,TRUE,TRUE,TRUE,Partially Compliant,Medium,2026-06-07
DEV0162,EMP0162,Laptop,Windows,11 Pro 22H2,TRUE,TRUE,FALSE,TRUE,Partially Compliant,Medium,2026-06-03
DEV0163,EMP0163,Laptop,macOS,Ventura 13.6,TRUE,TRUE,TRUE,TRUE,Non-Compliant,High,2025-07-18
DEV0164,EMP0164,Laptop,Linux,Fedora 40,TRUE,TRUE,TRUE,TRUE,Non-Compliant,High,2026-04-25
DEV0165,EMP0165,Tablet,iPadOS,18.0,TRUE,TRUE,TRUE,TRUE,Non-Compliant,High,2026-04-24
DEV0166,EMP0166,Mobile Phone,iOS,18.0,TRUE,TRUE,TRUE,TRUE,Compliant,Low,2026-07-25
DEV0167,EMP0167,Laptop,macOS,Ventura 13.6,TRUE,TRUE,TRUE,TRUE,Compliant,Low,2026-07-12
DEV0168,EMP0168,Laptop,Windows,10 Enterprise 22H2,TRUE,TRUE,TRUE,TRUE,Compliant,Low,2026-07-28
DEV0169,EMP0169,Mobile Phone,Android,14,TRUE,TRUE,TRUE,FALSE,Partially Compliant,Medium,2026-05-22
DEV0170,EMP0170,Tablet,Android,14,TRUE,TRUE,TRUE,FALSE,Non-Compliant,Medium,2026-04-26
DEV0171,EMP0171,Desktop,Windows,10 Enterprise 22H2,TRUE,TRUE,TRUE,TRUE,Compliant,Low,2026-08-06
DEV0172,EMP0172,Desktop,Windows,11 Pro 23H2,TRUE,TRUE,FALSE,TRUE,Partially Compliant,Medium,2026-05-29
DEV0173,EMP0173,Tablet,iPadOS,17.5,TRUE,TRUE,TRUE,TRUE,Non-Compliant,Critical,2025-07-31
DEV0174,EMP0174,Laptop,Windows,11 Pro 22H2,TRUE,TRUE,TRUE,FALSE,Partially Compliant,Medium,2026-07-05
DEV0175,EMP0175,Laptop,Linux,Ubuntu 24.04 LTS,TRUE,TRUE,TRUE,TRUE,Partially Compliant,Low,2026-06-28
DEV0176,EMP0176,Mobile Phone,iOS,17.5.1,TRUE,TRUE,TRUE,TRUE,Partially Compliant,Medium,2026-06-20
DEV0177,EMP0177,Mobile Phone,iOS,18.0,TRUE,TRUE,TRUE,TRUE,Compliant,Low,2026-07-26
DEV0178,EMP0178,Tablet,Android,13,TRUE,TRUE,TRUE,TRUE,Compliant,Low,2026-07-29
DEV0179,EMP0179,Laptop,Windows,11 Pro 23H2,TRUE,TRUE,TRUE,FALSE,Partially Compliant,Medium,2026-06-07
DEV0180,EMP0180,Laptop,Linux,Ubuntu 22.04 LTS,FALSE,TRUE,TRUE,TRUE,Partially Compliant,Medium,2026-05-24
DEV0181,EMP0181,Laptop,Windows,10 Enterprise 22H2,TRUE,TRUE,TRUE,TRUE,Compliant,Low,2026-07-09
DEV0182,EMP0182,Laptop,macOS,Sequoia 15.1,TRUE,TRUE,TRUE,TRUE,Non-Compliant,Critical,2025-12-12
DEV0183,EMP0183,Laptop,macOS,Sonoma 14.5,TRUE,TRUE,TRUE,FALSE,Partially Compliant,Medium,2026-06-19
DEV0184,EMP0184,Desktop,Windows,11 Pro 23H2,FALSE,TRUE,TRUE,TRUE,Partially Compliant,Medium,2026-06-12
DEV0185,EMP0185,Laptop,Windows,11 Pro 23H2,TRUE,TRUE,TRUE,TRUE,Partially Compliant,Medium,2026-05-09
DEV0186,EMP0186,Laptop,macOS,Sonoma 14.5,TRUE,TRUE,TRUE,TRUE,Compliant,Low,2026-07-16
DEV0187,EMP0187,Laptop,macOS,Sonoma 14.5,TRUE,TRUE,TRUE,TRUE,Compliant,Low,2026-08-06
DEV0188,EMP0188,Laptop,Windows,10 Enterprise 22H2,TRUE,TRUE,TRUE,TRUE,Compliant,Low,2026-08-03
DEV0189,EMP0189,Laptop,macOS,Sonoma 14.5,TRUE,TRUE,TRUE,FALSE,Non-Compliant,Critical,2026-05-08
DEV0190,EMP0190,Desktop,Linux,Ubuntu 22.04 LTS,TRUE,TRUE,TRUE,TRUE,Compliant,Low,2026-07-12
DEV0191,EMP0191,Desktop,Linux,Ubuntu 24.04 LTS,FALSE,TRUE,TRUE,TRUE,Non-Compliant,High,2025-12-22
DEV0192,EMP0192,Tablet,iPadOS,18.0,TRUE,TRUE,TRUE,TRUE,Compliant,Low,2026-08-07
DEV0193,EMP0193,Laptop,macOS,Ventura 13.6,TRUE,TRUE,TRUE,FALSE,Partially Compliant,Low,2026-06-23
DEV0194,EMP0194,Laptop,macOS,Ventura 13.6,TRUE,FALSE,TRUE,TRUE,Non-Compliant,Medium,2026-04-10
DEV0195,EMP0195,Mobile Phone,Android,13,TRUE,TRUE,TRUE,TRUE,Compliant,Low,2026-07-12
DEV0196,EMP0196,Desktop,Linux,Ubuntu 24.04 LTS,TRUE,TRUE,TRUE,FALSE,Partially Compliant,Medium,2026-05-13
DEV0197,EMP0197,Tablet,Android,14,TRUE,TRUE,TRUE,TRUE,Non-Compliant,High,2026-03-25
DEV0198,EMP0198,Mobile Phone,iOS,18.0,FALSE,TRUE,TRUE,TRUE,Partially Compliant,Medium,2026-05-22
DEV0199,EMP0199,Laptop,Linux,Fedora 40,TRUE,TRUE,TRUE,TRUE,Non-Compliant,High,2026-04-22
DEV0200,EMP0200,Laptop,macOS,Ventura 13.6,TRUE,FALSE,TRUE,TRUE,Non-Compliant,Medium,2026-04-12
DEV0201,EMP0201,Tablet,Android,13,TRUE,TRUE,TRUE,TRUE,Compliant,Low,2026-07-30
DEV0202,EMP0202,Mobile Phone,iOS,17.5.1,TRUE,FALSE,FALSE,TRUE,Partially Compliant,Medium,2026-06-29
DEV0203,EMP0203,Desktop,Windows,11 Pro 23H2,TRUE,TRUE,TRUE,TRUE,Compliant,Low,2026-08-01
DEV0204,EMP0204,Laptop,macOS,Sequoia 15.1,TRUE,TRUE,TRUE,FALSE,Partially Compliant,Medium,2026-05-24
DEV0205,EMP0205,Mobile Phone,iOS,17.5.1,TRUE,FALSE,TRUE,FALSE,Partially Compliant,Medium,2026-06-06
DEV0206,EMP0206,Laptop,Windows,11 Pro 23H2,TRUE,TRUE,TRUE,FALSE,Partially Compliant,Medium,2026-06-26
DEV0207,EMP0207,Tablet,iPadOS,18.0,FALSE,TRUE,TRUE,TRUE,Partially Compliant,Low,2026-06-06
DEV0208,EMP0208,Laptop,Windows,11 Pro 22H2,TRUE,TRUE,TRUE,TRUE,Compliant,Low,2026-07-17
DEV0209,EMP0209,Tablet,Android,14,TRUE,TRUE,TRUE,FALSE,Partially Compliant,Medium,2026-07-04
DEV0210,EMP0210,Desktop,Linux,Ubuntu 22.04 LTS,TRUE,FALSE,TRUE,FALSE,Partially Compliant,Medium,2026-05-17
DEV0211,EMP0211,Desktop,Linux,Ubuntu 24.04 LTS,TRUE,TRUE,TRUE,TRUE,Compliant,Low,2026-07-25
DEV0212,EMP0212,Laptop,macOS,Sonoma 14.5,TRUE,TRUE,TRUE,TRUE,Compliant,Low,2026-07-26
DEV0213,EMP0213,Laptop,Linux,Ubuntu 24.04 LTS,TRUE,TRUE,TRUE,FALSE,Partially Compliant,Medium,2026-06-20
DEV0214,EMP0214,Laptop,macOS,Sequoia 15.1,TRUE,TRUE,TRUE,TRUE,Compliant,Low,2026-07-21
DEV0215,EMP0215,Laptop,Windows,10 Enterprise 22H2,TRUE,TRUE,TRUE,TRUE,Compliant,Low,2026-07-20
DEV0216,EMP0216,Mobile Phone,iOS,18.0,TRUE,FALSE,TRUE,FALSE,Non-Compliant,High,2026-05-03
DEV0217,EMP0217,Laptop,Linux,Fedora 40,FALSE,TRUE,TRUE,FALSE,Non-Compliant,High,2026-04-13
DEV0218,EMP0218,Mobile Phone,Android,13,TRUE,TRUE,TRUE,TRUE,Compliant,Low,2026-07-30
DEV0219,EMP0219,Desktop,Linux,Ubuntu 24.04 LTS,FALSE,TRUE,TRUE,TRUE,Partially Compliant,Medium,2026-07-02
DEV0220,EMP0220,Desktop,Windows,11 Pro 23H2,FALSE,TRUE,TRUE,TRUE,Partially Compliant,Medium,2026-06-28
DEV0221,EMP0221,Laptop,Linux,Ubuntu 22.04 LTS,TRUE,TRUE,TRUE,TRUE,Compliant,Low,2026-07-29
DEV0222,EMP0222,Mobile Phone,Android,15,TRUE,TRUE,TRUE,TRUE,Compliant,Low,2026-07-13
DEV0223,EMP0223,Laptop,Linux,Ubuntu 24.04 LTS,TRUE,TRUE,TRUE,TRUE,Partially Compliant,Low,2026-06-10
DEV0224,EMP0224,Laptop,Windows,11 Pro 22H2,TRUE,FALSE,TRUE,TRUE,Non-Compliant,High,2026-04-13
DEV0225,EMP0225,Mobile Phone,iOS,17.4,TRUE,TRUE,TRUE,TRUE,Non-Compliant,High,2025-10-20
DEV0226,EMP0226,Mobile Phone,iOS,17.4,TRUE,TRUE,TRUE,TRUE,Compliant,Low,2026-07-20
DEV0227,EMP0227,Tablet,Android,14,TRUE,TRUE,TRUE,TRUE,Compliant,Low,2026-08-04
DEV0228,EMP0228,Desktop,Windows,10 Enterprise 22H2,FALSE,TRUE,TRUE,TRUE,Partially Compliant,Medium,2026-06-11
DEV0229,EMP0229,Tablet,Android,14,TRUE,TRUE,TRUE,TRUE,Compliant,Low,2026-08-06
DEV0230,EMP0230,Tablet,iPadOS,18.0,TRUE,TRUE,TRUE,TRUE,Compliant,Low,2026-08-01
DEV0231,EMP0231,Mobile Phone,iOS,17.5.1,TRUE,TRUE,TRUE,TRUE,Compliant,Low,2026-07-25
DEV0232,EMP0232,Laptop,Linux,Ubuntu 24.04 LTS,TRUE,TRUE,TRUE,TRUE,Compliant,Low,2026-07-14
DEV0233,EMP0233,Desktop,Windows,10 Enterprise 22H2,FALSE,TRUE,FALSE,TRUE,Partially Compliant,Low,2026-05-19
DEV0234,EMP0234,Laptop,Windows,10 Enterprise 22H2,TRUE,FALSE,TRUE,TRUE,Partially Compliant,Medium,2026-07-04
DEV0235,EMP0235,Laptop,Windows,11 Pro 23H2,TRUE,TRUE,TRUE,TRUE,Partially Compliant,Medium,2026-07-03
DEV0236,EMP0236,Laptop,Windows,11 Pro 22H2,TRUE,TRUE,TRUE,TRUE,Compliant,Low,2026-07-14
DEV0237,EMP0237,Laptop,macOS,Ventura 13.6,TRUE,TRUE,TRUE,TRUE,Non-Compliant,High,2026-04-02
DEV0238,EMP0238,Laptop,Linux,Ubuntu 24.04 LTS,TRUE,TRUE,FALSE,FALSE,Non-Compliant,High,2026-05-04
DEV0239,EMP0239,Laptop,Linux,Fedora 40,TRUE,TRUE,TRUE,TRUE,Compliant,Low,2026-07-23
DEV0240,EMP0240,Desktop,Linux,Ubuntu 24.04 LTS,TRUE,TRUE,TRUE,TRUE,Compliant,Low,2026-07-21
DEV0241,EMP0241,Laptop,Windows,10 Enterprise 22H2,TRUE,TRUE,TRUE,TRUE,Compliant,Low,2026-07-20
DEV0242,EMP0242,Laptop,Windows,11 Pro 23H2,TRUE,FALSE,TRUE,TRUE,Non-Compliant,Medium,2026-04-30
DEV0243,EMP0243,Laptop,Linux,Ubuntu 24.04 LTS,TRUE,TRUE,TRUE,TRUE,Compliant,Low,2026-07-19
DEV0244,EMP0244,Tablet,Android,13,TRUE,FALSE,TRUE,TRUE,Partially Compliant,Medium,2026-06-30
DEV0245,EMP0245,Desktop,Windows,10 Enterprise 22H2,TRUE,TRUE,TRUE,TRUE,Compliant,Low,2026-07-11
DEV0246,EMP0246,Mobile Phone,iOS,18.0,TRUE,TRUE,TRUE,TRUE,Compliant,Low,2026-08-05
DEV0247,EMP0247,Tablet,iPadOS,17.5,TRUE,TRUE,TRUE,FALSE,Partially Compliant,Medium,2026-06-22
DEV0248,EMP0248,Desktop,Windows,11 Pro 23H2,FALSE,FALSE,TRUE,TRUE,Partially Compliant,Low,2026-06-02
DEV0249,EMP0249,Laptop,Linux,Ubuntu 24.04 LTS,TRUE,TRUE,TRUE,TRUE,Compliant,Low,2026-07-26
DEV0250,EMP0250,Laptop,Linux,Ubuntu 22.04 LTS,TRUE,TRUE,TRUE,TRUE,Non-Compliant,High,2025-11-09
DEV0251,EMP0251,Laptop,Windows,11 Pro 22H2,FALSE,TRUE,TRUE,FALSE,Partially Compliant,Medium,2026-05-25
DEV0252,EMP0252,Laptop,macOS,Sonoma 14.5,TRUE,TRUE,TRUE,TRUE,Compliant,Low,2026-07-11
DEV0253,EMP0253,Laptop,Linux,Ubuntu 22.04 LTS,FALSE,TRUE,TRUE,TRUE,Partially Compliant,Low,2026-07-05
DEV0254,EMP0254,Tablet,iPadOS,17.5,TRUE,TRUE,TRUE,TRUE,Compliant,Low,2026-07-12
DEV0255,EMP0255,Mobile Phone,iOS,18.0,TRUE,TRUE,TRUE,TRUE,Compliant,Low,2026-07-09
DEV0256,EMP0256,Mobile Phone,iOS,17.4,FALSE,TRUE,TRUE,TRUE,Non-Compliant,Medium,2025-07-08
DEV0257,EMP0257,Tablet,iPadOS,18.0,TRUE,TRUE,TRUE,TRUE,Non-Compliant,Critical,2025-11-02
DEV0258,EMP0258,Tablet,iPadOS,18.0,TRUE,TRUE,TRUE,TRUE,Compliant,Low,2026-07-24
DEV0259,EMP0259,Laptop,Windows,10 Enterprise 22H2,TRUE,TRUE,TRUE,TRUE,Compliant,Low,2026-07-11
DEV0260,EMP0260,Desktop,Windows,11 Pro 23H2,TRUE,TRUE,FALSE,TRUE,Partially Compliant,Medium,2026-07-07
DEV0261,EMP0261,Desktop,Windows,10 Enterprise 22H2,TRUE,FALSE,FALSE,TRUE,Partially Compliant,Medium,2026-06-25
DEV0262,EMP0262,Laptop,Windows,10 Enterprise 22H2,TRUE,TRUE,TRUE,TRUE,Compliant,Low,2026-08-02
DEV0263,EMP0263,Laptop,Windows,11 Pro 22H2,TRUE,TRUE,FALSE,TRUE,Non-Compliant,Critical,2026-04-11
DEV0264,EMP0264,Laptop,macOS,Sonoma 14.5,TRUE,TRUE,TRUE,TRUE,Compliant,Low,2026-07-25
DEV0265,EMP0265,Laptop,Linux,Ubuntu 22.04 LTS,FALSE,TRUE,TRUE,TRUE,Partially Compliant,Medium,2026-05-17
DEV0266,EMP0266,Laptop,Windows,11 Pro 23H2,TRUE,TRUE,TRUE,TRUE,Compliant,Low,2026-07-30
DEV0267,EMP0267,Mobile Phone,iOS,18.0,FALSE,TRUE,TRUE,FALSE,Partially Compliant,Medium,2026-06-12
DEV0268,EMP0268,Laptop,Windows,10 Enterprise 22H2,FALSE,TRUE,TRUE,TRUE,Partially Compliant,Medium,2026-05-21
DEV0269,EMP0269,Laptop,Windows,11 Pro 22H2,TRUE,FALSE,TRUE,TRUE,Partially Compliant,Medium,2026-05-24
DEV0270,EMP0270,Desktop,Linux,Ubuntu 24.04 LTS,TRUE,TRUE,TRUE,FALSE,Non-Compliant,High,2026-04-14
DEV0271,EMP0271,Desktop,Linux,Ubuntu 24.04 LTS,TRUE,TRUE,TRUE,TRUE,Compliant,Low,2026-07-22
DEV0272,EMP0272,Laptop,Linux,Ubuntu 22.04 LTS,TRUE,TRUE,TRUE,TRUE,Partially Compliant,Medium,2026-05-17
DEV0273,EMP0273,Laptop,Linux,Ubuntu 22.04 LTS,TRUE,TRUE,TRUE,TRUE,Non-Compliant,Critical,2026-04-28
DEV0274,EMP0274,Laptop,Linux,Ubuntu 24.04 LTS,TRUE,TRUE,TRUE,TRUE,Compliant,Low,2026-07-14
DEV0275,EMP0275,Mobile Phone,iOS,17.4,FALSE,TRUE,TRUE,TRUE,Non-Compliant,High,2026-04-25
DEV0276,EMP0276,Laptop,macOS,Ventura 13.6,TRUE,TRUE,TRUE,FALSE,Partially Compliant,Low,2026-06-01
DEV0277,EMP0277,Laptop,macOS,Ventura 13.6,TRUE,TRUE,TRUE,TRUE,Compliant,Low,2026-07-17
DEV0278,EMP0278,Mobile Phone,Android,14,TRUE,TRUE,TRUE,TRUE,Compliant,Low,2026-08-02
DEV0279,EMP0279,Laptop,Linux,Ubuntu 22.04 LTS,TRUE,TRUE,TRUE,FALSE,Partially Compliant,Medium,2026-06-20
DEV0280,EMP0280,Laptop,Linux,Ubuntu 24.04 LTS,TRUE,TRUE,TRUE,TRUE,Compliant,Low,2026-07-19
DEV0281,EMP0281,Laptop,macOS,Ventura 13.6,TRUE,FALSE,TRUE,TRUE,Non-Compliant,High,2026-04-30
DEV0282,EMP0282,Laptop,macOS,Sequoia 15.1,TRUE,FALSE,TRUE,TRUE,Non-Compliant,Critical,2026-04-20
DEV0283,EMP0283,Tablet,Android,13,TRUE,TRUE,TRUE,TRUE,Non-Compliant,Critical,2026-02-07
DEV0284,EMP0284,Mobile Phone,iOS,17.5.1,FALSE,FALSE,TRUE,TRUE,Partially Compliant,Medium,2026-06-04
DEV0285,EMP0285,Desktop,Windows,11 Pro 23H2,TRUE,FALSE,TRUE,TRUE,Partially Compliant,Medium,2026-06-16
DEV0286,EMP0286,Laptop,macOS,Sequoia 15.1,TRUE,TRUE,TRUE,FALSE,Non-Compliant,High,2026-04-09
DEV0287,EMP0287,Laptop,Linux,Fedora 40,FALSE,TRUE,TRUE,TRUE,Non-Compliant,High,2026-04-18
DEV0288,EMP0288,Laptop,Windows,11 Pro 22H2,TRUE,TRUE,TRUE,FALSE,Partially Compliant,Medium,2026-05-24
DEV0289,EMP0289,Laptop,macOS,Sequoia 15.1,TRUE,TRUE,TRUE,TRUE,Compliant,Low,2026-07-09
DEV0290,EMP0290,Laptop,Linux,Ubuntu 24.04 LTS,TRUE,TRUE,TRUE,FALSE,Partially Compliant,Low,2026-05-28
DEV0291,EMP0291,Laptop,Linux,Fedora 40,TRUE,TRUE,TRUE,TRUE,Compliant,Low,2026-08-07
DEV0292,EMP0292,Tablet,Android,13,FALSE,TRUE,TRUE,TRUE,Partially Compliant,Low,2026-05-12
DEV0293,EMP0293,Laptop,Windows,11 Pro 22H2,TRUE,TRUE,TRUE,TRUE,Non-Compliant,High,2026-04-17
DEV0294,EMP0294,Laptop,Linux,Fedora 40,TRUE,TRUE,FALSE,FALSE,Partially Compliant,Medium,2026-06-07
DEV0295,EMP0295,Laptop,macOS,Sonoma 14.5,TRUE,TRUE,TRUE,FALSE,Non-Compliant,Medium,2026-04-18
DEV0296,EMP0296,Laptop,macOS,Ventura 13.6,FALSE,TRUE,TRUE,TRUE,Partially Compliant,Low,2026-06-01
DEV0297,EMP0297,Laptop,Linux,Ubuntu 24.04 LTS,TRUE,TRUE,TRUE,TRUE,Compliant,Low,2026-07-13
DEV0298,EMP0298,Tablet,iPadOS,17.5,TRUE,TRUE,TRUE,TRUE,Compliant,Low,2026-07-26
DEV0299,EMP0299,Mobile Phone,Android,13,TRUE,TRUE,FALSE,FALSE,Non-Compliant,High,2026-05-02
DEV0300,EMP0300,Desktop,Windows,11 Pro 23H2,TRUE,TRUE,TRUE,TRUE,Compliant,Low,2026-07-29
DEV0301,EMP0301,Mobile Phone,Android,15,TRUE,TRUE,TRUE,TRUE,Non-Compliant,High,2025-10-04
DEV0302,EMP0302,Laptop,Windows,11 Pro 23H2,TRUE,TRUE,TRUE,TRUE,Compliant,Low,2026-07-11
DEV0303,EMP0303,Desktop,Linux,Ubuntu 22.04 LTS,TRUE,TRUE,TRUE,TRUE,Compliant,Low,2026-07-28
DEV0304,EMP0304,Desktop,Linux,Ubuntu 22.04 LTS,TRUE,TRUE,TRUE,FALSE,Partially Compliant,Medium,2026-05-22
DEV0305,EMP0305,Laptop,macOS,Ventura 13.6,TRUE,TRUE,TRUE,TRUE,Non-Compliant,Critical,2026-03-16
DEV0306,EMP0306,Mobile Phone,iOS,18.0,TRUE,TRUE,TRUE,TRUE,Compliant,Low,2026-07-19
DEV0307,EMP0307,Laptop,Windows,11 Pro 23H2,FALSE,TRUE,TRUE,TRUE,Non-Compliant,Medium,2026-04-11
DEV0308,EMP0308,Tablet,iPadOS,18.0,TRUE,TRUE,TRUE,TRUE,Partially Compliant,Medium,2026-07-04
DEV0309,EMP0309,Mobile Phone,iOS,17.5.1,FALSE,TRUE,TRUE,TRUE,Partially Compliant,Medium,2026-06-06
DEV0310,EMP0310,Desktop,Windows,11 Pro 23H2,TRUE,FALSE,TRUE,TRUE,Non-Compliant,Critical,2026-04-19
DEV0311,EMP0311,Mobile Phone,Android,14,TRUE,TRUE,TRUE,TRUE,Compliant,Low,2026-07-09
DEV0312,EMP0312,Tablet,Android,13,TRUE,TRUE,TRUE,TRUE,Compliant,Low,2026-07-24
DEV0313,EMP0313,Tablet,Android,14,TRUE,TRUE,TRUE,FALSE,Non-Compliant,Medium,2026-04-25
DEV0314,EMP0314,Laptop,Windows,10 Enterprise 22H2,TRUE,TRUE,TRUE,TRUE,Compliant,Low,2026-07-11
DEV0315,EMP0315,Mobile Phone,Android,13,FALSE,TRUE,FALSE,TRUE,Partially Compliant,Low,2026-06-28
DEV0316,EMP0316,Laptop,macOS,Ventura 13.6,TRUE,TRUE,TRUE,FALSE,Partially Compliant,Medium,2026-05-28
DEV0317,EMP0317,Laptop,Windows,10 Enterprise 22H2,TRUE,TRUE,FALSE,FALSE,Non-Compliant,High,2026-04-13
DEV0318,EMP0318,Tablet,Android,13,TRUE,TRUE,TRUE,FALSE,Partially Compliant,Low,2026-06-16
DEV0319,EMP0319,Mobile Phone,Android,15,TRUE,TRUE,TRUE,TRUE,Compliant,Low,2026-07-15
DEV0320,EMP0320,Laptop,Windows,10 Enterprise 22H2,TRUE,TRUE,TRUE,TRUE,Compliant,Low,2026-08-04
DEV0321,EMP0321,Mobile Phone,iOS,17.4,TRUE,TRUE,TRUE,FALSE,Partially Compliant,Low,2026-06-21
DEV0322,EMP0322,Desktop,Linux,Ubuntu 24.04 LTS,TRUE,TRUE,TRUE,TRUE,Compliant,Low,2026-07-11
DEV0323,EMP0323,Laptop,macOS,Ventura 13.6,TRUE,TRUE,TRUE,FALSE,Partially Compliant,Low,2026-06-05
DEV0324,EMP0324,Laptop,macOS,Ventura 13.6,TRUE,TRUE,TRUE,FALSE,Partially Compliant,Medium,2026-05-30
DEV0325,EMP0325,Laptop,Windows,10 Enterprise 22H2,TRUE,TRUE,TRUE,TRUE,Compliant,Low,2026-07-23
DEV0326,EMP0326,Laptop,Linux,Ubuntu 22.04 LTS,TRUE,TRUE,TRUE,TRUE,Partially Compliant,Medium,2026-05-13
DEV0327,EMP0327,Laptop,macOS,Ventura 13.6,TRUE,TRUE,TRUE,TRUE,Compliant,Low,2026-07-22
DEV0328,EMP0328,Tablet,iPadOS,17.5,TRUE,TRUE,TRUE,TRUE,Compliant,Low,2026-07-29
DEV0329,EMP0329,Laptop,Linux,Fedora 40,TRUE,TRUE,TRUE,FALSE,Partially Compliant,Low,2026-06-03
DEV0330,EMP0330,Tablet,iPadOS,18.0,FALSE,TRUE,FALSE,FALSE,Non-Compliant,Critical,2025-11-24
DEV0331,EMP0331,Laptop,Linux,Ubuntu 22.04 LTS,FALSE,TRUE,TRUE,TRUE,Non-Compliant,High,2026-05-06
DEV0332,EMP0332,Laptop,Linux,Fedora 40,TRUE,TRUE,TRUE,TRUE,Compliant,Low,2026-07-12
DEV0333,EMP0333,Laptop,Windows,11 Pro 22H2,FALSE,TRUE,FALSE,FALSE,Non-Compliant,High,2025-07-31
DEV0334,EMP0334,Laptop,Linux,Ubuntu 22.04 LTS,TRUE,FALSE,TRUE,TRUE,Non-Compliant,High,2026-04-18
DEV0335,EMP0335,Laptop,Windows,10 Enterprise 22H2,FALSE,TRUE,TRUE,TRUE,Non-Compliant,Medium,2026-04-26
DEV0336,EMP0336,Mobile Phone,Android,13,TRUE,TRUE,TRUE,TRUE,Compliant,Low,2026-08-06
DEV0337,EMP0337,Desktop,Windows,11 Pro 23H2,TRUE,FALSE,TRUE,FALSE,Partially Compliant,Medium,2026-05-15
DEV0338,EMP0338,Desktop,Windows,11 Pro 23H2,TRUE,TRUE,TRUE,TRUE,Compliant,Low,2026-07-15
DEV0339,EMP0339,Desktop,Linux,Ubuntu 22.04 LTS,TRUE,TRUE,TRUE,TRUE,Compliant,Low,2026-08-04
DEV0340,EMP0340,Mobile Phone,iOS,17.4,TRUE,TRUE,TRUE,TRUE,Compliant,Low,2026-08-04
DEV0341,EMP0341,Tablet,iPadOS,17.5,TRUE,TRUE,TRUE,TRUE,Compliant,Low,2026-07-31
DEV0342,EMP0342,Laptop,Linux,Ubuntu 22.04 LTS,TRUE,TRUE,TRUE,TRUE,Non-Compliant,High,2025-09-17
DEV0343,EMP0343,Laptop,macOS,Sequoia 15.1,TRUE,FALSE,TRUE,TRUE,Partially Compliant,Low,2026-05-27
DEV0344,EMP0344,Laptop,Linux,Ubuntu 22.04 LTS,TRUE,TRUE,TRUE,TRUE,Compliant,Low,2026-07-24
DEV0345,EMP0345,Laptop,Windows,11 Pro 23H2,FALSE,TRUE,TRUE,FALSE,Partially Compliant,Medium,2026-05-12
DEV0346,EMP0346,Tablet,Android,13,TRUE,TRUE,FALSE,FALSE,Partially Compliant,Medium,2026-07-05
DEV0347,EMP0347,Desktop,Windows,11 Pro 23H2,TRUE,TRUE,TRUE,TRUE,Compliant,Low,2026-07-24
DEV0348,EMP0348,Desktop,Windows,11 Pro 23H2,TRUE,TRUE,TRUE,TRUE,Compliant,Low,2026-08-03
DEV0349,EMP0349,Desktop,Windows,11 Pro 23H2,TRUE,TRUE,TRUE,FALSE,Non-Compliant,Medium,2026-04-13
DEV0350,EMP0350,Laptop,Windows,11 Pro 23H2,TRUE,TRUE,TRUE,TRUE,Compliant,Low,2026-08-06
DEV0351,EMP0351,Laptop,Linux,Ubuntu 24.04 LTS,TRUE,TRUE,TRUE,TRUE,Compliant,Low,2026-07-08
DEV0352,EMP0352,Laptop,Linux,Ubuntu 24.04 LTS,TRUE,TRUE,TRUE,TRUE,Compliant,Low,2026-07-18
DEV0353,EMP0353,Laptop,macOS,Sequoia 15.1,TRUE,FALSE,TRUE,TRUE,Partially Compliant,Low,2026-05-24
DEV0354,EMP0354,Laptop,Windows,11 Pro 22H2,TRUE,TRUE,TRUE,TRUE,Non-Compliant,High,2026-04-20
DEV0355,EMP0355,Laptop,Linux,Fedora 40,TRUE,TRUE,TRUE,TRUE,Partially Compliant,Medium,2026-06-03
DEV0356,EMP0356,Tablet,Android,13,FALSE,TRUE,FALSE,TRUE,Non-Compliant,High,2026-04-23
DEV0357,EMP0357,Laptop,Linux,Ubuntu 24.04 LTS,FALSE,TRUE,TRUE,FALSE,Partially Compliant,Medium,2026-05-26
DEV0358,EMP0358,Laptop,Windows,10 Enterprise 22H2,TRUE,TRUE,TRUE,TRUE,Compliant,Low,2026-07-12
DEV0359,EMP0359,Laptop,Windows,11 Pro 23H2,TRUE,FALSE,TRUE,TRUE,Non-Compliant,Medium,2026-04-27
DEV0360,EMP0360,Laptop,Linux,Fedora 40,TRUE,FALSE,TRUE,TRUE,Partially Compliant,Medium,2026-06-27
DEV0361,EMP0361,Mobile Phone,iOS,17.5.1,TRUE,TRUE,TRUE,TRUE,Partially Compliant,Low,2026-06-26
DEV0362,EMP0362,Desktop,Linux,Ubuntu 22.04 LTS,TRUE,TRUE,TRUE,TRUE,Compliant,Low,2026-07-28
DEV0363,EMP0363,Laptop,Windows,11 Pro 23H2,TRUE,TRUE,TRUE,TRUE,Compliant,Low,2026-07-26
DEV0364,EMP0364,Tablet,Android,13,FALSE,TRUE,TRUE,TRUE,Partially Compliant,Medium,2026-06-02
DEV0365,EMP0365,Mobile Phone,Android,13,TRUE,TRUE,TRUE,FALSE,Non-Compliant,Medium,2026-04-28
DEV0366,EMP0366,Desktop,Windows,11 Pro 23H2,TRUE,TRUE,TRUE,TRUE,Compliant,Low,2026-07-15
DEV0367,EMP0367,Mobile Phone,Android,14,TRUE,FALSE,TRUE,TRUE,Partially Compliant,Medium,2026-06-09
DEV0368,EMP0368,Laptop,macOS,Ventura 13.6,TRUE,TRUE,TRUE,TRUE,Compliant,Low,2026-07-17
DEV0369,EMP0369,Laptop,Linux,Ubuntu 24.04 LTS,TRUE,TRUE,TRUE,TRUE,Compliant,Low,2026-07-31
DEV0370,EMP0370,Laptop,Windows,11 Pro 22H2,TRUE,TRUE,TRUE,TRUE,Partially Compliant,Low,2026-05-11
DEV0371,EMP0371,Laptop,Linux,Ubuntu 22.04 LTS,TRUE,TRUE,FALSE,TRUE,Partially Compliant,Medium,2026-06-06
DEV0372,EMP0372,Laptop,Linux,Fedora 40,TRUE,TRUE,TRUE,TRUE,Non-Compliant,High,2025-09-08
DEV0373,EMP0373,Laptop,Linux,Fedora 40,FALSE,TRUE,TRUE,TRUE,Partially Compliant,Low,2026-06-25
DEV0374,EMP0374,Laptop,macOS,Sonoma 14.5,FALSE,FALSE,TRUE,FALSE,Non-Compliant,High,2025-12-17
DEV0375,EMP0375,Laptop,macOS,Sequoia 15.1,TRUE,TRUE,TRUE,TRUE,Non-Compliant,High,2026-01-07
DEV0376,EMP0376,Mobile Phone,Android,15,TRUE,TRUE,TRUE,TRUE,Non-Compliant,High,2026-04-21
DEV0377,EMP0377,Desktop,Windows,10 Enterprise 22H2,TRUE,TRUE,TRUE,TRUE,Compliant,Low,2026-07-28
DEV0378,EMP0378,Laptop,Linux,Fedora 40,TRUE,TRUE,TRUE,TRUE,Compliant,Low,2026-07-28
DEV0379,EMP0379,Tablet,iPadOS,18.0,TRUE,TRUE,TRUE,TRUE,Compliant,Low,2026-07-21
DEV0380,EMP0380,Laptop,Linux,Fedora 40,TRUE,TRUE,TRUE,TRUE,Compliant,Low,2026-08-05
DEV0381,EMP0381,Laptop,macOS,Sequoia 15.1,TRUE,TRUE,TRUE,TRUE,Non-Compliant,High,2026-04-10
DEV0382,EMP0382,Laptop,Linux,Fedora 40,TRUE,TRUE,TRUE,TRUE,Non-Compliant,Medium,2026-05-08
DEV0383,EMP0383,Desktop,Linux,Ubuntu 22.04 LTS,TRUE,TRUE,TRUE,TRUE,Non-Compliant,High,2025-12-23
DEV0384,EMP0384,Laptop,Linux,Ubuntu 22.04 LTS,TRUE,TRUE,TRUE,TRUE,Compliant,Low,2026-07-26
DEV0385,EMP0385,Laptop,Linux,Ubuntu 24.04 LTS,TRUE,FALSE,TRUE,TRUE,Non-Compliant,Critical,2026-04-23
DEV0386,EMP0386,Mobile Phone,iOS,17.4,FALSE,TRUE,TRUE,TRUE,Partially Compliant,Medium,2026-06-06
DEV0387,EMP0387,Desktop,Windows,11 Pro 23H2,TRUE,TRUE,TRUE,TRUE,Non-Compliant,High,2026-04-14
DEV0388,EMP0388,Desktop,Linux,Ubuntu 22.04 LTS,TRUE,TRUE,TRUE,FALSE,Non-Compliant,Medium,2026-04-25
DEV0389,EMP0389,Mobile Phone,iOS,17.5.1,TRUE,TRUE,TRUE,TRUE,Compliant,Low,2026-07-30
DEV0390,EMP0390,Laptop,Windows,10 Enterprise 22H2,TRUE,TRUE,TRUE,TRUE,Compliant,Low,2026-07-28
DEV0391,EMP0391,Laptop,Linux,Ubuntu 24.04 LTS,TRUE,TRUE,TRUE,TRUE,Compliant,Low,2026-07-23
DEV0392,EMP0392,Laptop,macOS,Sequoia 15.1,TRUE,FALSE,TRUE,TRUE,Partially Compliant,Medium,2026-06-25
DEV0393,EMP0393,Mobile Phone,iOS,17.4,TRUE,TRUE,TRUE,TRUE,Compliant,Low,2026-08-06
DEV0394,EMP0394,Mobile Phone,Android,14,TRUE,FALSE,TRUE,FALSE,Partially Compliant,Medium,2026-05-31
DEV0395,EMP0395,Laptop,Linux,Ubuntu 24.04 LTS,FALSE,FALSE,TRUE,FALSE,Non-Compliant,High,2025-10-23
DEV0396,EMP0396,Tablet,Android,13,TRUE,TRUE,TRUE,TRUE,Compliant,Low,2026-07-18
DEV0397,EMP0397,Laptop,Linux,Fedora 40,TRUE,TRUE,TRUE,TRUE,Partially Compliant,Medium,2026-06-08
DEV0398,EMP0398,Mobile Phone,Android,13,TRUE,TRUE,TRUE,TRUE,Non-Compliant,High,2026-05-07
DEV0399,EMP0399,Mobile Phone,Android,14,FALSE,TRUE,TRUE,TRUE,Non-Compliant,Medium,2026-04-23
DEV0400,EMP0400,Laptop,macOS,Sequoia 15.1,TRUE,TRUE,TRUE,TRUE,Non-Compliant,High,2025-11-06
DEV0401,EMP0401,Mobile Phone,Android,13,TRUE,TRUE,TRUE,TRUE,Compliant,Low,2026-07-30
DEV0402,EMP0402,Laptop,macOS,Sequoia 15.1,TRUE,TRUE,TRUE,TRUE,Partially Compliant,Low,2026-05-13
DEV0403,EMP0403,Desktop,Linux,Ubuntu 22.04 LTS,TRUE,TRUE,TRUE,TRUE,Compliant,Low,2026-08-01
DEV0404,EMP0404,Laptop,macOS,Sonoma 14.5,TRUE,TRUE,TRUE,FALSE,Partially Compliant,Medium,2026-05-14
DEV0405,EMP0405,Laptop,macOS,Sonoma 14.5,TRUE,FALSE,TRUE,TRUE,Non-Compliant,High,2026-04-10
DEV0406,EMP0406,Laptop,Windows,10 Enterprise 22H2,TRUE,TRUE,TRUE,FALSE,Non-Compliant,High,2026-03-29
DEV0407,EMP0407,Desktop,Linux,Ubuntu 24.04 LTS,TRUE,TRUE,TRUE,TRUE,Compliant,Low,2026-08-05
DEV0408,EMP0408,Tablet,Android,13,TRUE,TRUE,TRUE,TRUE,Compliant,Low,2026-07-14
DEV0409,EMP0409,Laptop,macOS,Sequoia 15.1,TRUE,TRUE,TRUE,TRUE,Compliant,Low,2026-07-18
DEV0410,EMP0410,Laptop,macOS,Sequoia 15.1,TRUE,TRUE,TRUE,FALSE,Partially Compliant,Medium,2026-06-27
DEV0411,EMP0411,Desktop,Linux,Ubuntu 22.04 LTS,TRUE,TRUE,TRUE,FALSE,Non-Compliant,High,2026-05-06
DEV0412,EMP0412,Laptop,macOS,Ventura 13.6,TRUE,TRUE,FALSE,TRUE,Non-Compliant,High,2026-05-06
DEV0413,EMP0413,Desktop,Windows,10 Enterprise 22H2,TRUE,TRUE,TRUE,FALSE,Non-Compliant,Medium,2026-05-02
DEV0414,EMP0414,Mobile Phone,Android,13,FALSE,TRUE,TRUE,FALSE,Partially Compliant,Medium,2026-05-14
DEV0415,EMP0415,Laptop,macOS,Sonoma 14.5,TRUE,TRUE,TRUE,TRUE,Compliant,Low,2026-07-28
DEV0416,EMP0416,Laptop,macOS,Sequoia 15.1,TRUE,TRUE,TRUE,TRUE,Compliant,Low,2026-07-16
DEV0417,EMP0417,Laptop,macOS,Sonoma 14.5,TRUE,TRUE,TRUE,TRUE,Non-Compliant,High,2026-04-11
DEV0418,EMP0418,Mobile Phone,iOS,18.0,TRUE,TRUE,FALSE,FALSE,Partially Compliant,Low,2026-05-23
DEV0419,EMP0419,Laptop,Linux,Fedora 40,TRUE,TRUE,TRUE,TRUE,Compliant,Low,2026-07-26
DEV0420,EMP0420,Tablet,Android,13,TRUE,TRUE,TRUE,TRUE,Compliant,Low,2026-07-12
DEV0421,EMP0421,Desktop,Windows,10 Enterprise 22H2,TRUE,TRUE,TRUE,FALSE,Partially Compliant,Medium,2026-06-08
DEV0422,EMP0422,Laptop,macOS,Ventura 13.6,TRUE,TRUE,TRUE,TRUE,Partially Compliant,Low,2026-06-22
DEV0423,EMP0423,Laptop,macOS,Sonoma 14.5,TRUE,FALSE,TRUE,TRUE,Non-Compliant,High,2026-04-24
DEV0424,EMP0424,Laptop,Windows,10 Enterprise 22H2,TRUE,TRUE,TRUE,TRUE,Compliant,Low,2026-08-06
DEV0425,EMP0425,Laptop,Windows,11 Pro 22H2,TRUE,FALSE,TRUE,TRUE,Partially Compliant,Medium,2026-06-26
DEV0426,EMP0426,Tablet,iPadOS,17.5,TRUE,TRUE,TRUE,TRUE,Compliant,Low,2026-08-07
DEV0427,EMP0427,Laptop,macOS,Ventura 13.6,TRUE,TRUE,TRUE,TRUE,Compliant,Low,2026-07-14
DEV0428,EMP0428,Laptop,Linux,Ubuntu 24.04 LTS,TRUE,FALSE,TRUE,TRUE,Partially Compliant,Medium,2026-05-16
DEV0429,EMP0429,Desktop,Linux,Ubuntu 24.04 LTS,TRUE,TRUE,TRUE,TRUE,Non-Compliant,High,2026-03-21
DEV0430,EMP0430,Tablet,iPadOS,17.5,TRUE,TRUE,TRUE,TRUE,Partially Compliant,Low,2026-05-23
DEV0431,EMP0431,Desktop,Linux,Ubuntu 24.04 LTS,TRUE,TRUE,TRUE,TRUE,Compliant,Low,2026-07-16
DEV0432,EMP0432,Desktop,Windows,11 Pro 23H2,TRUE,TRUE,TRUE,TRUE,Compliant,Low,2026-07-08
DEV0433,EMP0433,Laptop,macOS,Sonoma 14.5,TRUE,TRUE,TRUE,TRUE,Compliant,Low,2026-07-16
DEV0434,EMP0434,Laptop,Linux,Ubuntu 22.04 LTS,TRUE,TRUE,TRUE,TRUE,Compliant,Low,2026-07-25
DEV0435,EMP0435,Laptop,Linux,Ubuntu 24.04 LTS,TRUE,TRUE,TRUE,TRUE,Compliant,Low,2026-08-05
DEV0436,EMP0436,Laptop,macOS,Sonoma 14.5,TRUE,TRUE,TRUE,TRUE,Partially Compliant,Medium,2026-07-05
DEV0437,EMP0437,Tablet,iPadOS,17.5,FALSE,TRUE,TRUE,FALSE,Non-Compliant,Medium,2026-04-20
DEV0438,EMP0438,Laptop,macOS,Ventura 13.6,TRUE,TRUE,TRUE,FALSE,Partially Compliant,Low,2026-05-15
DEV0439,EMP0439,Tablet,Android,13,TRUE,TRUE,TRUE,TRUE,Non-Compliant,Critical,2025-09-16
DEV0440,EMP0440,Mobile Phone,Android,15,FALSE,TRUE,TRUE,FALSE,Non-Compliant,Critical,2026-04-21
DEV0441,EMP0441,Mobile Phone,Android,14,TRUE,TRUE,TRUE,FALSE,Partially Compliant,Low,2026-06-06
DEV0442,EMP0442,Mobile Phone,iOS,18.0,TRUE,TRUE,TRUE,TRUE,Compliant,Low,2026-07-26
DEV0443,EMP0443,Laptop,Windows,10 Enterprise 22H2,FALSE,TRUE,TRUE,TRUE,Non-Compliant,Medium,2026-04-30
DEV0444,EMP0444,Laptop,Windows,11 Pro 22H2,TRUE,TRUE,TRUE,TRUE,Compliant,Low,2026-07-18
DEV0445,EMP0445,Mobile Phone,Android,15,TRUE,TRUE,TRUE,TRUE,Compliant,Low,2026-07-16
DEV0446,EMP0446,Laptop,Linux,Ubuntu 22.04 LTS,FALSE,TRUE,TRUE,TRUE,Partially Compliant,Medium,2026-06-30
DEV0447,EMP0447,Laptop,Linux,Fedora 40,FALSE,TRUE,TRUE,FALSE,Partially Compliant,Low,2026-07-05
DEV0448,EMP0448,Laptop,macOS,Sonoma 14.5,TRUE,TRUE,TRUE,TRUE,Compliant,Low,2026-07-11
DEV0449,EMP0449,Laptop,Windows,10 Enterprise 22H2,TRUE,TRUE,TRUE,TRUE,Compliant,Low,2026-08-05
DEV0450,EMP0450,Tablet,Android,14,FALSE,TRUE,TRUE,TRUE,Non-Compliant,Critical,2026-03-30
DEV0451,EMP0451,Laptop,Windows,11 Pro 23H2,TRUE,TRUE,FALSE,TRUE,Partially Compliant,Medium,2026-05-24
DEV0452,EMP0452,Tablet,iPadOS,17.5,TRUE,TRUE,TRUE,TRUE,Compliant,Low,2026-07-20
DEV0453,EMP0453,Mobile Phone,Android,15,TRUE,FALSE,TRUE,TRUE,Partially Compliant,Medium,2026-06-02
DEV0454,EMP0454,Laptop,macOS,Sequoia 15.1,TRUE,TRUE,TRUE,TRUE,Compliant,Low,2026-07-23
DEV0455,EMP0455,Tablet,Android,14,TRUE,TRUE,FALSE,FALSE,Partially Compliant,Medium,2026-05-16
DEV0456,EMP0456,Tablet,iPadOS,18.0,TRUE,TRUE,TRUE,TRUE,Partially Compliant,Low,2026-06-23
DEV0457,EMP0457,Laptop,macOS,Ventura 13.6,FALSE,TRUE,FALSE,TRUE,Partially Compliant,Medium,2026-05-23
DEV0458,EMP0458,Tablet,iPadOS,17.5,FALSE,TRUE,TRUE,FALSE,Partially Compliant,Medium,2026-05-13
DEV0459,EMP0459,Laptop,Windows,11 Pro 22H2,TRUE,TRUE,TRUE,FALSE,Partially Compliant,Medium,2026-05-14
DEV0460,EMP0460,Laptop,Linux,Fedora 40,TRUE,TRUE,TRUE,TRUE,Compliant,Low,2026-07-26
DEV0461,EMP0461,Laptop,Windows,11 Pro 23H2,TRUE,TRUE,TRUE,FALSE,Partially Compliant,Low,2026-05-28
DEV0462,EMP0462,Desktop,Linux,Ubuntu 22.04 LTS,TRUE,TRUE,TRUE,TRUE,Non-Compliant,Critical,2025-09-11
DEV0463,EMP0463,Laptop,Linux,Fedora 40,TRUE,FALSE,TRUE,TRUE,Partially Compliant,Medium,2026-05-18
DEV0464,EMP0464,Laptop,Windows,11 Pro 23H2,TRUE,TRUE,TRUE,FALSE,Partially Compliant,Medium,2026-07-03
DEV0465,EMP0465,Desktop,Linux,Ubuntu 22.04 LTS,TRUE,TRUE,TRUE,FALSE,Partially Compliant,Medium,2026-06-06
DEV0466,EMP0466,Laptop,macOS,Ventura 13.6,TRUE,TRUE,FALSE,TRUE,Partially Compliant,Medium,2026-05-25
DEV0467,EMP0467,Mobile Phone,Android,15,TRUE,FALSE,TRUE,TRUE,Partially Compliant,Low,2026-06-10
DEV0468,EMP0468,Tablet,iPadOS,18.0,TRUE,TRUE,TRUE,FALSE,Partially Compliant,Low,2026-06-13
DEV0469,EMP0469,Desktop,Windows,11 Pro 23H2,TRUE,TRUE,FALSE,TRUE,Partially Compliant,Low,2026-06-28
DEV0470,EMP0470,Mobile Phone,iOS,18.0,TRUE,TRUE,TRUE,FALSE,Partially Compliant,Low,2026-06-29
DEV0471,EMP0471,Laptop,Linux,Ubuntu 22.04 LTS,TRUE,TRUE,TRUE,FALSE,Partially Compliant,Medium,2026-06-12
DEV0472,EMP0472,Laptop,macOS,Sequoia 15.1,TRUE,FALSE,TRUE,TRUE,Partially Compliant,Medium,2026-06-24
DEV0473,EMP0473,Laptop,macOS,Sonoma 14.5,TRUE,TRUE,TRUE,TRUE,Compliant,Low,2026-07-26
DEV0474,EMP0474,Laptop,macOS,Sonoma 14.5,TRUE,TRUE,TRUE,TRUE,Compliant,Low,2026-07-16
DEV0475,EMP0475,Laptop,Windows,10 Enterprise 22H2,TRUE,TRUE,TRUE,FALSE,Partially Compliant,Low,2026-06-12
DEV0476,EMP0476,Desktop,Linux,Ubuntu 22.04 LTS,TRUE,TRUE,TRUE,FALSE,Partially Compliant,Low,2026-05-18
DEV0477,EMP0477,Laptop,Linux,Ubuntu 24.04 LTS,TRUE,TRUE,TRUE,TRUE,Compliant,Low,2026-08-02
DEV0478,EMP0478,Mobile Phone,iOS,18.0,TRUE,TRUE,FALSE,TRUE,Non-Compliant,Critical,2026-05-03
DEV0479,EMP0479,Laptop,Linux,Fedora 40,TRUE,TRUE,TRUE,FALSE,Partially Compliant,Low,2026-06-19
DEV0480,EMP0480,Laptop,macOS,Sequoia 15.1,TRUE,TRUE,TRUE,TRUE,Compliant,Low,2026-07-11
DEV0481,EMP0481,Laptop,Linux,Fedora 40,TRUE,TRUE,TRUE,TRUE,Non-Compliant,Medium,2026-05-02
DEV0482,EMP0482,Laptop,Linux,Ubuntu 22.04 LTS,TRUE,TRUE,TRUE,TRUE,Non-Compliant,Medium,2026-05-08
DEV0483,EMP0483,Laptop,macOS,Sequoia 15.1,TRUE,TRUE,TRUE,TRUE,Compliant,Low,2026-07-24
DEV0484,EMP0484,Desktop,Windows,11 Pro 23H2,TRUE,TRUE,TRUE,FALSE,Partially Compliant,Low,2026-07-01
DEV0485,EMP0485,Laptop,macOS,Ventura 13.6,TRUE,TRUE,TRUE,FALSE,Partially Compliant,Medium,2026-06-26
DEV0486,EMP0486,Laptop,macOS,Ventura 13.6,TRUE,TRUE,TRUE,TRUE,Non-Compliant,High,2026-04-24
DEV0487,EMP0487,Tablet,iPadOS,17.5,TRUE,TRUE,TRUE,FALSE,Non-Compliant,High,2026-01-18
DEV0488,EMP0488,Laptop,Windows,10 Enterprise 22H2,TRUE,TRUE,TRUE,TRUE,Compliant,Low,2026-07-19
DEV0489,EMP0489,Desktop,Linux,Ubuntu 22.04 LTS,FALSE,TRUE,TRUE,TRUE,Non-Compliant,High,2026-04-18
DEV0490,EMP0490,Desktop,Linux,Ubuntu 22.04 LTS,TRUE,FALSE,TRUE,TRUE,Non-Compliant,Critical,2026-05-07
DEV0491,EMP0491,Laptop,Linux,Fedora 40,TRUE,TRUE,TRUE,TRUE,Compliant,Low,2026-07-08
DEV0492,EMP0492,Mobile Phone,iOS,18.0,TRUE,TRUE,TRUE,TRUE,Compliant,Low,2026-07-27
DEV0493,EMP0493,Laptop,Linux,Ubuntu 22.04 LTS,TRUE,TRUE,TRUE,TRUE,Compliant,Low,2026-07-11
DEV0494,EMP0494,Mobile Phone,Android,14,TRUE,TRUE,TRUE,FALSE,Partially Compliant,Medium,2026-07-01
DEV0495,EMP0495,Mobile Phone,Android,13,TRUE,TRUE,TRUE,TRUE,Partially Compliant,Medium,2026-05-16
DEV0496,EMP0496,Desktop,Windows,11 Pro 23H2,TRUE,TRUE,TRUE,TRUE,Compliant,Low,2026-07-22
DEV0497,EMP0497,Mobile Phone,iOS,17.5.1,FALSE,TRUE,TRUE,FALSE,Non-Compliant,Medium,2026-04-14
DEV0498,EMP0498,Laptop,macOS,Sequoia 15.1,TRUE,TRUE,TRUE,TRUE,Non-Compliant,High,2026-04-22
DEV0499,EMP0499,Laptop,macOS,Ventura 13.6,TRUE,TRUE,TRUE,TRUE,Compliant,Low,2026-07-16
DEV0500,EMP0500,Desktop,Linux,Ubuntu 24.04 LTS,TRUE,TRUE,TRUE,TRUE,Non-Compliant,Medium,2026-04-25
