PolicyID,PolicyName,Framework,Category,Version,OwnerDepartment,Mandatory
POL-DPDP-528,Data Protection Impact Assessment Policy,DPDP,Risk Management,3.0,Legal & Compliance,TRUE
POL-CIS-886,Email and Web Browser Protections Policy,CIS Controls,Network Security,2.1,Information Security,TRUE
POL-ISO-754,Internal Audit Policy,ISO 27001,Audit,1.0,Risk Management,TRUE
POL-ISO-662,Physical and Environmental Security Policy,ISO 27001,Physical Security,2.1,Legal & Compliance,TRUE
POL-DPDP-558,Consent Management Policy,DPDP,Data Privacy,1.0,Information Security,TRUE
POL-ISO-595,Information Security Policy,ISO 27001,Governance,1.1,Legal & Compliance,TRUE
POL-ISO-764,Asset Management Policy,ISO 27001,Asset Management,2.0,Legal & Compliance,TRUE
POL-CIS-221,Malware Defenses Policy,CIS Controls,Endpoint Security,3.0,Information Security,TRUE
POL-ISO-105,Business Continuity Management Policy,ISO 27001,Business Continuity,1.1,Risk Management,TRUE
POL-SOC2-959,Confidentiality Policy,SOC2,Data Protection,1.0,Internal Audit,TRUE
POL-SOC2-609,Vendor Management Policy,SOC2,Third-Party Risk,1.0,Internal Audit,TRUE
POL-CIS-224,Inventory and Control of Enterprise Assets Policy,CIS Controls,Asset Management,2.1,Information Security,TRUE
POL-SOC2-214,Change Management Policy,SOC2,Operations,1.0,Information Technology,TRUE
POL-CIS-368,Data Protection Policy,CIS Controls,Data Protection,1.0,Information Security,TRUE
POL-NIST-939,Vulnerability Management Policy,NIST,Vulnerability Management,2.0,Risk Management,TRUE
POL-ISO-553,Operations Security Policy,ISO 27001,Operations,1.0,Risk Management,TRUE
POL-ISO-756,Compliance Policy,ISO 27001,Governance,2.1,Risk Management,TRUE
POL-DPDP-671,Grievance Redressal Policy,DPDP,Data Privacy,2.0,Legal & Compliance,FALSE
POL-CIS-742,Security Awareness and Skills Training Policy,CIS Controls,Personnel Security,1.1,Information Technology,TRUE
POL-NIST-657,Identity and Access Management Policy,NIST,Access Management,1.2,Information Security,TRUE
POL-DPDP-351,Cross-Border Data Transfer Policy,DPDP,Data Privacy,3.0,Legal & Compliance,TRUE
POL-ISO-507,Human Resource Security Policy,ISO 27001,Personnel Security,2.0,Information Security,TRUE
POL-SOC2-945,Incident Handling Policy,SOC2,Incident Response,2.0,Information Security,FALSE
POL-ISO-902,Supplier Relationship Security Policy,ISO 27001,Third-Party Risk,2.1,Legal & Compliance,TRUE
POL-DPDP-390,Personal Data Processing Policy,DPDP,Data Privacy,1.2,Information Security,TRUE
POL-CIS-174,Incident Response Management Policy,CIS Controls,Incident Response,3.0,Information Technology,TRUE
POL-SOC2-450,System Monitoring Policy,SOC2,Monitoring,1.1,Information Technology,TRUE
POL-SOC2-438,Availability Policy,SOC2,Business Continuity,1.1,Internal Audit,TRUE
POL-DPDP-412,Data Retention and Erasure Policy,DPDP,Data Protection,2.0,Legal & Compliance,FALSE
POL-NIST-229,Incident Response Plan Policy,NIST,Incident Response,1.0,Risk Management,TRUE
POL-CIS-192,Inventory and Control of Software Assets Policy,CIS Controls,Asset Management,2.1,Information Technology,TRUE
POL-ISO-561,Risk Assessment and Treatment Policy,ISO 27001,Risk Management,1.1,Information Security,TRUE
POL-CIS-644,Penetration Testing Policy,CIS Controls,Vulnerability Management,3.0,Information Security,TRUE
POL-CIS-684,Network Infrastructure Management Policy,CIS Controls,Network Security,1.0,Information Security,TRUE
POL-CIS-362,Service Provider Management Policy,CIS Controls,Third-Party Risk,2.1,Information Technology,FALSE
POL-ISO-170,Access Control Policy,ISO 27001,Access Management,1.0,Information Security,TRUE
POL-ISO-660,"System Acquisition, Development and Maintenance Policy",ISO 27001,Secure Development,2.0,Risk Management,FALSE
POL-NIST-672,Identify Function Policy,NIST,Risk Management,2.1,Risk Management,TRUE
POL-DPDP-428,Data Principal Rights Policy,DPDP,Data Privacy,3.0,Information Security,TRUE
POL-DPDP-205,Data Fiduciary Obligations Policy,DPDP,Governance,1.0,Information Security,TRUE
POL-CIS-432,Data Recovery Policy,CIS Controls,Business Continuity,1.2,Information Technology,TRUE
POL-ISO-971,Communications Security Policy,ISO 27001,Network Security,2.0,Risk Management,TRUE
POL-CIS-333,Access Control Management Policy,CIS Controls,Access Management,1.2,Information Security,TRUE
POL-CIS-365,Account Management Policy,CIS Controls,Access Management,1.0,Information Technology,FALSE
POL-SOC2-956,Security Trust Services Policy,SOC2,Governance,3.0,Internal Audit,FALSE
POL-NIST-320,Supply Chain Risk Management Policy,NIST,Third-Party Risk,1.1,Information Security,TRUE
POL-SOC2-610,Processing Integrity Policy,SOC2,Operations,2.1,Information Security,TRUE
POL-NIST-687,Awareness and Training Policy,NIST,Personnel Security,2.1,Information Security,TRUE
POL-ISO-987,Cryptography Policy,ISO 27001,Data Protection,3.0,Risk Management,TRUE
POL-NIST-996,Security Continuous Monitoring Policy,NIST,Monitoring,3.0,Information Technology,FALSE
POL-SOC2-298,Privacy Trust Services Policy,SOC2,Data Privacy,3.0,Internal Audit,TRUE
POL-CIS-350,Continuous Vulnerability Management Policy,CIS Controls,Vulnerability Management,1.2,Information Security,FALSE
POL-CIS-901,Secure Configuration Policy,CIS Controls,Operations,2.0,Information Technology,TRUE
POL-DPDP-188,Children's Data Protection Policy,DPDP,Data Privacy,1.2,Information Security,TRUE
POL-NIST-611,Respond Function Policy,NIST,Incident Response,2.1,Information Security,TRUE
POL-DPDP-483,Data Breach Notification Policy,DPDP,Incident Response,3.0,Information Security,TRUE
POL-SOC2-509,Logical Access Policy,SOC2,Access Management,2.0,Internal Audit,TRUE
POL-NIST-103,Data Security Policy,NIST,Data Protection,1.0,Information Technology,TRUE
POL-NIST-481,Detect Function Policy,NIST,Monitoring,3.0,Information Technology,TRUE
POL-NIST-316,Recover Function Policy,NIST,Business Continuity,1.1,Information Security,TRUE
POL-CIS-211,Audit Log Management Policy,CIS Controls,Monitoring,1.0,Information Security,TRUE
POL-NIST-842,Protect Function Policy,NIST,Access Management,2.0,Information Technology,TRUE
POL-ISO-694,Information Security Incident Management Policy,ISO 27001,Incident Response,3.0,Information Security,TRUE
POL-DPDP-870,Data Protection Impact Assessment Policy,DPDP,Risk Management,2.1,Information Security,TRUE
POL-CIS-956,Email and Web Browser Protections Policy,CIS Controls,Network Security,1.0,Information Security,TRUE
POL-ISO-477,Internal Audit Policy,ISO 27001,Audit,2.0,Legal & Compliance,TRUE
POL-ISO-778,Physical and Environmental Security Policy,ISO 27001,Physical Security,1.1,Information Security,TRUE
POL-DPDP-223,Consent Management Policy,DPDP,Data Privacy,1.0,Information Security,TRUE
POL-ISO-576,Information Security Policy,ISO 27001,Governance,2.0,Legal & Compliance,TRUE
POL-ISO-760,Asset Management Policy,ISO 27001,Asset Management,1.2,Risk Management,TRUE
POL-CIS-638,Malware Defenses Policy,CIS Controls,Endpoint Security,2.1,Information Security,TRUE
POL-ISO-471,Business Continuity Management Policy,ISO 27001,Business Continuity,1.1,Risk Management,TRUE
POL-SOC2-991,Confidentiality Policy,SOC2,Data Protection,2.1,Information Security,TRUE
POL-SOC2-599,Vendor Management Policy,SOC2,Third-Party Risk,2.1,Internal Audit,TRUE
POL-CIS-639,Inventory and Control of Enterprise Assets Policy,CIS Controls,Asset Management,3.0,Information Security,TRUE
POL-SOC2-553,Change Management Policy,SOC2,Operations,2.1,Information Security,TRUE
POL-CIS-654,Data Protection Policy,CIS Controls,Data Protection,1.2,Information Security,FALSE
POL-NIST-875,Vulnerability Management Policy,NIST,Vulnerability Management,2.1,Information Security,FALSE
POL-ISO-984,Operations Security Policy,ISO 27001,Operations,1.1,Legal & Compliance,TRUE
POL-ISO-354,Compliance Policy,ISO 27001,Governance,1.1,Legal & Compliance,TRUE
POL-DPDP-762,Grievance Redressal Policy,DPDP,Data Privacy,1.1,Information Security,TRUE
POL-CIS-402,Security Awareness and Skills Training Policy,CIS Controls,Personnel Security,1.0,Information Security,TRUE
POL-NIST-439,Identity and Access Management Policy,NIST,Access Management,1.2,Information Security,TRUE
POL-DPDP-215,Cross-Border Data Transfer Policy,DPDP,Data Privacy,2.0,Information Security,TRUE
POL-ISO-309,Human Resource Security Policy,ISO 27001,Personnel Security,2.0,Legal & Compliance,TRUE
POL-SOC2-732,Incident Handling Policy,SOC2,Incident Response,2.1,Information Security,TRUE
POL-ISO-851,Supplier Relationship Security Policy,ISO 27001,Third-Party Risk,2.1,Information Security,FALSE
POL-DPDP-186,Personal Data Processing Policy,DPDP,Data Privacy,1.0,Legal & Compliance,FALSE
POL-CIS-641,Incident Response Management Policy,CIS Controls,Incident Response,1.1,Information Security,TRUE
POL-SOC2-575,System Monitoring Policy,SOC2,Monitoring,2.1,Information Security,TRUE
POL-SOC2-448,Availability Policy,SOC2,Business Continuity,1.2,Internal Audit,FALSE
POL-DPDP-696,Data Retention and Erasure Policy,DPDP,Data Protection,2.0,Legal & Compliance,TRUE
POL-NIST-850,Incident Response Plan Policy,NIST,Incident Response,1.1,Risk Management,FALSE
POL-CIS-317,Inventory and Control of Software Assets Policy,CIS Controls,Asset Management,1.1,Information Technology,FALSE
POL-ISO-123,Risk Assessment and Treatment Policy,ISO 27001,Risk Management,2.0,Risk Management,TRUE
POL-CIS-864,Penetration Testing Policy,CIS Controls,Vulnerability Management,2.1,Information Security,TRUE
POL-CIS-573,Network Infrastructure Management Policy,CIS Controls,Network Security,1.2,Information Technology,TRUE
POL-CIS-246,Service Provider Management Policy,CIS Controls,Third-Party Risk,1.0,Information Technology,TRUE
POL-ISO-757,Access Control Policy,ISO 27001,Access Management,1.2,Information Security,TRUE
POL-ISO-552,"System Acquisition, Development and Maintenance Policy",ISO 27001,Secure Development,2.1,Legal & Compliance,TRUE
