FindingID,ControlID,Severity,Description,EvidenceID,Recommendation,Status
FIND-63833,CTRL-86374,Low,Consent records incomplete for processed data: Personal data processing activity was identified without a corresponding valid consent record.,EVD-232410,Reconcile data processing activities against consent records and remediate gaps.,Open
FIND-36780,CTRL-67924,Critical,Patch SLA breach identified: Vulnerability remediation exceeded the defined SLA window based on scan and ticketing data.,EVD-350826,Prioritize remediation of overdue vulnerabilities and review patch management SLA adherence.,Risk Accepted
FIND-56681,CTRL-88524,Low,Segregation of duties violation identified: A single user was found with conflicting permissions that violate segregation of duties requirements.,EVD-140266,Revoke conflicting privileges and implement approval workflow for sensitive role combinations.,Remediated
FIND-88860,CTRL-52471,Low,Patch SLA breach identified: Vulnerability remediation exceeded the defined SLA window based on scan and ticketing data.,EVD-535468,Prioritize remediation of overdue vulnerabilities and review patch management SLA adherence.,In Progress
FIND-79145,CTRL-97409,High,Control implementation partially effective: Testing indicated the control is implemented but does not consistently operate as designed across all in-scope systems.,EVD-108927,Extend control coverage to remaining systems and re-test for consistent operating effectiveness.,Risk Accepted
FIND-29433,CTRL-55240,High,Training completion below required threshold: Security awareness training completion rate for in-scope employees fell below the mandated threshold.,EVD-921033,Launch a remediation campaign to close training completion gaps within 30 days.,Open
FIND-24039,CTRL-51875,Low,"Encryption not enforced on identified assets: One or more in-scope assets were found without encryption enabled, contrary to the control objective.",EVD-108841,Enable encryption at rest and in transit on the affected assets and validate via automated scan.,Open
FIND-89208,CTRL-79082,Low,Control implementation partially effective: Testing indicated the control is implemented but does not consistently operate as designed across all in-scope systems.,EVD-210991,Extend control coverage to remaining systems and re-test for consistent operating effectiveness.,Remediated
FIND-39935,CTRL-84645,Medium,MFA not enforced for all applicable accounts: A subset of user accounts with access to sensitive systems did not have multi-factor authentication enabled.,EVD-869966,Enforce organization-wide MFA policy and remediate exception accounts within 30 days.,Open
FIND-41209,CTRL-55240,Low,Log retention below policy requirement: Centralized log data was found retained for a duration shorter than the policy-mandated period.,EVD-165812,Adjust log retention configuration to meet or exceed the policy-defined retention period.,Closed
FIND-52074,CTRL-11690,Low,Vendor security certification expired or missing: The associated third-party vendor's security certification could not be verified as current.,EVD-190961,Obtain updated certification from the vendor or escalate to procurement for contract review.,Open
FIND-15222,CTRL-16493,Low,Incident response plan not tested within required period: No evidence of a tabletop exercise or simulation was found within the last 12 months.,EVD-313556,Schedule and conduct an incident response tabletop exercise and document results.,Open
FIND-67870,CTRL-12985,Medium,Training completion below required threshold: Security awareness training completion rate for in-scope employees fell below the mandated threshold.,EVD-787353,Launch a remediation campaign to close training completion gaps within 30 days.,Open
FIND-91479,CTRL-36006,Medium,"Evidence not collected within required cadence: The control's supporting evidence was not refreshed within the defined collection interval, creating a gap in continuous assurance.",EVD-194837,Establish an automated evidence collection schedule aligned to the control's required frequency.,Closed
FIND-16581,CTRL-81425,High,"Encryption not enforced on identified assets: One or more in-scope assets were found without encryption enabled, contrary to the control objective.",EVD-401550,Enable encryption at rest and in transit on the affected assets and validate via automated scan.,In Progress
FIND-49809,CTRL-92576,Medium,Vendor security certification expired or missing: The associated third-party vendor's security certification could not be verified as current.,EVD-741766,Obtain updated certification from the vendor or escalate to procurement for contract review.,Open
FIND-98275,CTRL-44081,Low,"Evidence not collected within required cadence: The control's supporting evidence was not refreshed within the defined collection interval, creating a gap in continuous assurance.",EVD-330838,Establish an automated evidence collection schedule aligned to the control's required frequency.,Remediated
FIND-69102,CTRL-11597,Medium,Consent records incomplete for processed data: Personal data processing activity was identified without a corresponding valid consent record.,EVD-731425,Reconcile data processing activities against consent records and remediate gaps.,Open
FIND-92997,CTRL-80393,Medium,"Encryption not enforced on identified assets: One or more in-scope assets were found without encryption enabled, contrary to the control objective.",EVD-177192,Enable encryption at rest and in transit on the affected assets and validate via automated scan.,Closed
FIND-44941,CTRL-62960,High,Log retention below policy requirement: Centralized log data was found retained for a duration shorter than the policy-mandated period.,EVD-792966,Adjust log retention configuration to meet or exceed the policy-defined retention period.,Open
FIND-16686,CTRL-52518,Medium,Access review not performed for affected accounts: A sample of privileged accounts had no evidence of a periodic access recertification review.,EVD-478990,Complete a full access recertification cycle and enforce quarterly review cadence going forward.,Risk Accepted
FIND-12506,CTRL-29267,Low,Patch SLA breach identified: Vulnerability remediation exceeded the defined SLA window based on scan and ticketing data.,EVD-732057,Prioritize remediation of overdue vulnerabilities and review patch management SLA adherence.,In Progress
FIND-88188,CTRL-97372,Critical,Access review not performed for affected accounts: A sample of privileged accounts had no evidence of a periodic access recertification review.,EVD-214814,Complete a full access recertification cycle and enforce quarterly review cadence going forward.,Remediated
FIND-40960,CTRL-52511,Low,"Encryption not enforced on identified assets: One or more in-scope assets were found without encryption enabled, contrary to the control objective.",EVD-193566,Enable encryption at rest and in transit on the affected assets and validate via automated scan.,Risk Accepted
FIND-52031,CTRL-61392,Medium,Training completion below required threshold: Security awareness training completion rate for in-scope employees fell below the mandated threshold.,EVD-242103,Launch a remediation campaign to close training completion gaps within 30 days.,Remediated
FIND-60029,CTRL-55962,High,Consent records incomplete for processed data: Personal data processing activity was identified without a corresponding valid consent record.,EVD-584605,Reconcile data processing activities against consent records and remediate gaps.,Remediated
FIND-71557,CTRL-49653,High,Training completion below required threshold: Security awareness training completion rate for in-scope employees fell below the mandated threshold.,EVD-570620,Launch a remediation campaign to close training completion gaps within 30 days.,Closed
FIND-19130,CTRL-42312,Medium,Log retention below policy requirement: Centralized log data was found retained for a duration shorter than the policy-mandated period.,EVD-300536,Adjust log retention configuration to meet or exceed the policy-defined retention period.,Closed
FIND-15877,CTRL-21253,Low,Control implementation partially effective: Testing indicated the control is implemented but does not consistently operate as designed across all in-scope systems.,EVD-235152,Extend control coverage to remaining systems and re-test for consistent operating effectiveness.,In Progress
FIND-70491,CTRL-37926,Medium,Control implementation partially effective: Testing indicated the control is implemented but does not consistently operate as designed across all in-scope systems.,EVD-222881,Extend control coverage to remaining systems and re-test for consistent operating effectiveness.,In Progress
FIND-70279,CTRL-16004,High,Access review not performed for affected accounts: A sample of privileged accounts had no evidence of a periodic access recertification review.,EVD-588681,Complete a full access recertification cycle and enforce quarterly review cadence going forward.,In Progress
FIND-96733,CTRL-85715,Medium,Incident response plan not tested within required period: No evidence of a tabletop exercise or simulation was found within the last 12 months.,EVD-595064,Schedule and conduct an incident response tabletop exercise and document results.,Open
FIND-74103,CTRL-97409,Critical,MFA not enforced for all applicable accounts: A subset of user accounts with access to sensitive systems did not have multi-factor authentication enabled.,EVD-108927,Enforce organization-wide MFA policy and remediate exception accounts within 30 days.,Open
FIND-68058,CTRL-29419,Low,Consent records incomplete for processed data: Personal data processing activity was identified without a corresponding valid consent record.,EVD-597577,Reconcile data processing activities against consent records and remediate gaps.,In Progress
FIND-99659,CTRL-43941,Low,Patch SLA breach identified: Vulnerability remediation exceeded the defined SLA window based on scan and ticketing data.,EVD-470690,Prioritize remediation of overdue vulnerabilities and review patch management SLA adherence.,Open
FIND-19710,CTRL-14975,High,Consent records incomplete for processed data: Personal data processing activity was identified without a corresponding valid consent record.,EVD-565460,Reconcile data processing activities against consent records and remediate gaps.,Risk Accepted
FIND-74825,CTRL-42858,Low,Segregation of duties violation identified: A single user was found with conflicting permissions that violate segregation of duties requirements.,EVD-823480,Revoke conflicting privileges and implement approval workflow for sensitive role combinations.,In Progress
FIND-93277,CTRL-11690,High,Consent records incomplete for processed data: Personal data processing activity was identified without a corresponding valid consent record.,EVD-190961,Reconcile data processing activities against consent records and remediate gaps.,Remediated
FIND-98265,CTRL-31848,Medium,MFA not enforced for all applicable accounts: A subset of user accounts with access to sensitive systems did not have multi-factor authentication enabled.,EVD-704245,Enforce organization-wide MFA policy and remediate exception accounts within 30 days.,Open
FIND-64381,CTRL-92128,Low,"Encryption not enforced on identified assets: One or more in-scope assets were found without encryption enabled, contrary to the control objective.",EVD-760223,Enable encryption at rest and in transit on the affected assets and validate via automated scan.,Remediated
FIND-20570,CTRL-74182,Medium,Patch SLA breach identified: Vulnerability remediation exceeded the defined SLA window based on scan and ticketing data.,EVD-778847,Prioritize remediation of overdue vulnerabilities and review patch management SLA adherence.,Remediated
FIND-98568,CTRL-24039,High,Log retention below policy requirement: Centralized log data was found retained for a duration shorter than the policy-mandated period.,EVD-963746,Adjust log retention configuration to meet or exceed the policy-defined retention period.,Open
FIND-12796,CTRL-86730,Low,Consent records incomplete for processed data: Personal data processing activity was identified without a corresponding valid consent record.,EVD-329239,Reconcile data processing activities against consent records and remediate gaps.,Risk Accepted
FIND-72490,CTRL-10301,Low,Training completion below required threshold: Security awareness training completion rate for in-scope employees fell below the mandated threshold.,EVD-762966,Launch a remediation campaign to close training completion gaps within 30 days.,Open
FIND-34805,CTRL-60756,Medium,Log retention below policy requirement: Centralized log data was found retained for a duration shorter than the policy-mandated period.,EVD-222881,Adjust log retention configuration to meet or exceed the policy-defined retention period.,Open
FIND-98827,CTRL-30154,Critical,MFA not enforced for all applicable accounts: A subset of user accounts with access to sensitive systems did not have multi-factor authentication enabled.,EVD-757223,Enforce organization-wide MFA policy and remediate exception accounts within 30 days.,Closed
FIND-93071,CTRL-78673,Low,MFA not enforced for all applicable accounts: A subset of user accounts with access to sensitive systems did not have multi-factor authentication enabled.,EVD-330714,Enforce organization-wide MFA policy and remediate exception accounts within 30 days.,Open
FIND-50156,CTRL-67489,Low,Log retention below policy requirement: Centralized log data was found retained for a duration shorter than the policy-mandated period.,EVD-623422,Adjust log retention configuration to meet or exceed the policy-defined retention period.,In Progress
FIND-96475,CTRL-33033,Low,"Encryption not enforced on identified assets: One or more in-scope assets were found without encryption enabled, contrary to the control objective.",EVD-426017,Enable encryption at rest and in transit on the affected assets and validate via automated scan.,Remediated
FIND-42803,CTRL-21724,Medium,Consent records incomplete for processed data: Personal data processing activity was identified without a corresponding valid consent record.,EVD-795626,Reconcile data processing activities against consent records and remediate gaps.,In Progress
FIND-57906,CTRL-29793,Low,Training completion below required threshold: Security awareness training completion rate for in-scope employees fell below the mandated threshold.,EVD-426619,Launch a remediation campaign to close training completion gaps within 30 days.,In Progress
FIND-82644,CTRL-84645,Low,Vendor security certification expired or missing: The associated third-party vendor's security certification could not be verified as current.,EVD-984260,Obtain updated certification from the vendor or escalate to procurement for contract review.,Risk Accepted
FIND-74494,CTRL-24352,Medium,Vendor security certification expired or missing: The associated third-party vendor's security certification could not be verified as current.,EVD-902278,Obtain updated certification from the vendor or escalate to procurement for contract review.,In Progress
FIND-69287,CTRL-80393,Medium,Control implementation partially effective: Testing indicated the control is implemented but does not consistently operate as designed across all in-scope systems.,EVD-602788,Extend control coverage to remaining systems and re-test for consistent operating effectiveness.,Open
FIND-16365,CTRL-81970,High,Incident response plan not tested within required period: No evidence of a tabletop exercise or simulation was found within the last 12 months.,EVD-433180,Schedule and conduct an incident response tabletop exercise and document results.,Closed
FIND-35049,CTRL-55798,High,Log retention below policy requirement: Centralized log data was found retained for a duration shorter than the policy-mandated period.,EVD-854516,Adjust log retention configuration to meet or exceed the policy-defined retention period.,Remediated
FIND-81231,CTRL-17485,Low,Training completion below required threshold: Security awareness training completion rate for in-scope employees fell below the mandated threshold.,EVD-515789,Launch a remediation campaign to close training completion gaps within 30 days.,Open
FIND-67272,CTRL-35877,Medium,Incident response plan not tested within required period: No evidence of a tabletop exercise or simulation was found within the last 12 months.,EVD-199299,Schedule and conduct an incident response tabletop exercise and document results.,Risk Accepted
FIND-55509,CTRL-47688,Critical,"Evidence not collected within required cadence: The control's supporting evidence was not refreshed within the defined collection interval, creating a gap in continuous assurance.",EVD-154821,Establish an automated evidence collection schedule aligned to the control's required frequency.,Open
FIND-14685,CTRL-26430,Medium,MFA not enforced for all applicable accounts: A subset of user accounts with access to sensitive systems did not have multi-factor authentication enabled.,EVD-141578,Enforce organization-wide MFA policy and remediate exception accounts within 30 days.,Open
FIND-14960,CTRL-87329,High,Log retention below policy requirement: Centralized log data was found retained for a duration shorter than the policy-mandated period.,EVD-348939,Adjust log retention configuration to meet or exceed the policy-defined retention period.,Remediated
FIND-81752,CTRL-31442,Low,Consent records incomplete for processed data: Personal data processing activity was identified without a corresponding valid consent record.,EVD-400335,Reconcile data processing activities against consent records and remediate gaps.,Remediated
FIND-57542,CTRL-70828,Low,Incident response plan not tested within required period: No evidence of a tabletop exercise or simulation was found within the last 12 months.,EVD-705864,Schedule and conduct an incident response tabletop exercise and document results.,In Progress
FIND-12171,CTRL-33890,Critical,Consent records incomplete for processed data: Personal data processing activity was identified without a corresponding valid consent record.,EVD-362346,Reconcile data processing activities against consent records and remediate gaps.,In Progress
FIND-38269,CTRL-37503,Medium,Patch SLA breach identified: Vulnerability remediation exceeded the defined SLA window based on scan and ticketing data.,EVD-429363,Prioritize remediation of overdue vulnerabilities and review patch management SLA adherence.,In Progress
FIND-79131,CTRL-45235,High,Consent records incomplete for processed data: Personal data processing activity was identified without a corresponding valid consent record.,EVD-743744,Reconcile data processing activities against consent records and remediate gaps.,Open
FIND-91669,CTRL-49937,High,"Evidence not collected within required cadence: The control's supporting evidence was not refreshed within the defined collection interval, creating a gap in continuous assurance.",EVD-767596,Establish an automated evidence collection schedule aligned to the control's required frequency.,In Progress
FIND-97094,CTRL-56638,High,"Encryption not enforced on identified assets: One or more in-scope assets were found without encryption enabled, contrary to the control objective.",EVD-499265,Enable encryption at rest and in transit on the affected assets and validate via automated scan.,Open
FIND-25006,CTRL-31983,Medium,Vendor security certification expired or missing: The associated third-party vendor's security certification could not be verified as current.,EVD-548167,Obtain updated certification from the vendor or escalate to procurement for contract review.,Open
FIND-45693,CTRL-88357,Critical,Incident response plan not tested within required period: No evidence of a tabletop exercise or simulation was found within the last 12 months.,EVD-242103,Schedule and conduct an incident response tabletop exercise and document results.,Remediated
FIND-66123,CTRL-59731,Low,Access review not performed for affected accounts: A sample of privileged accounts had no evidence of a periodic access recertification review.,EVD-394241,Complete a full access recertification cycle and enforce quarterly review cadence going forward.,Open
FIND-42046,CTRL-15470,High,Consent records incomplete for processed data: Personal data processing activity was identified without a corresponding valid consent record.,EVD-470033,Reconcile data processing activities against consent records and remediate gaps.,Remediated
FIND-14877,CTRL-32800,Low,Control implementation partially effective: Testing indicated the control is implemented but does not consistently operate as designed across all in-scope systems.,EVD-865818,Extend control coverage to remaining systems and re-test for consistent operating effectiveness.,Open
FIND-86158,CTRL-48117,High,"Encryption not enforced on identified assets: One or more in-scope assets were found without encryption enabled, contrary to the control objective.",EVD-756857,Enable encryption at rest and in transit on the affected assets and validate via automated scan.,Remediated
FIND-79200,CTRL-73692,Low,Log retention below policy requirement: Centralized log data was found retained for a duration shorter than the policy-mandated period.,EVD-205691,Adjust log retention configuration to meet or exceed the policy-defined retention period.,Open
FIND-60302,CTRL-68320,High,Incident response plan not tested within required period: No evidence of a tabletop exercise or simulation was found within the last 12 months.,EVD-779255,Schedule and conduct an incident response tabletop exercise and document results.,In Progress
FIND-30932,CTRL-79881,Medium,MFA not enforced for all applicable accounts: A subset of user accounts with access to sensitive systems did not have multi-factor authentication enabled.,EVD-704245,Enforce organization-wide MFA policy and remediate exception accounts within 30 days.,Risk Accepted
FIND-47499,CTRL-43941,Medium,"Evidence not collected within required cadence: The control's supporting evidence was not refreshed within the defined collection interval, creating a gap in continuous assurance.",EVD-470690,Establish an automated evidence collection schedule aligned to the control's required frequency.,In Progress
FIND-14894,CTRL-27399,Medium,"Encryption not enforced on identified assets: One or more in-scope assets were found without encryption enabled, contrary to the control objective.",EVD-774526,Enable encryption at rest and in transit on the affected assets and validate via automated scan.,Closed
FIND-13423,CTRL-27875,Critical,MFA not enforced for all applicable accounts: A subset of user accounts with access to sensitive systems did not have multi-factor authentication enabled.,EVD-781909,Enforce organization-wide MFA policy and remediate exception accounts within 30 days.,Closed
FIND-66016,CTRL-67489,Medium,Vendor security certification expired or missing: The associated third-party vendor's security certification could not be verified as current.,EVD-623422,Obtain updated certification from the vendor or escalate to procurement for contract review.,Closed
FIND-33147,CTRL-90137,Medium,Consent records incomplete for processed data: Personal data processing activity was identified without a corresponding valid consent record.,EVD-371000,Reconcile data processing activities against consent records and remediate gaps.,Closed
FIND-39109,CTRL-74182,High,"Evidence not collected within required cadence: The control's supporting evidence was not refreshed within the defined collection interval, creating a gap in continuous assurance.",EVD-921135,Establish an automated evidence collection schedule aligned to the control's required frequency.,Remediated
FIND-53534,CTRL-21400,Medium,Incident response plan not tested within required period: No evidence of a tabletop exercise or simulation was found within the last 12 months.,EVD-552383,Schedule and conduct an incident response tabletop exercise and document results.,Remediated
FIND-56501,CTRL-68565,Medium,Patch SLA breach identified: Vulnerability remediation exceeded the defined SLA window based on scan and ticketing data.,EVD-743744,Prioritize remediation of overdue vulnerabilities and review patch management SLA adherence.,Remediated
FIND-85182,CTRL-37692,Critical,Access review not performed for affected accounts: A sample of privileged accounts had no evidence of a periodic access recertification review.,EVD-555382,Complete a full access recertification cycle and enforce quarterly review cadence going forward.,In Progress
FIND-14169,CTRL-77762,High,Training completion below required threshold: Security awareness training completion rate for in-scope employees fell below the mandated threshold.,EVD-466917,Launch a remediation campaign to close training completion gaps within 30 days.,Closed
FIND-52314,CTRL-35877,Low,Patch SLA breach identified: Vulnerability remediation exceeded the defined SLA window based on scan and ticketing data.,EVD-199299,Prioritize remediation of overdue vulnerabilities and review patch management SLA adherence.,In Progress
FIND-80502,CTRL-68917,Critical,Incident response plan not tested within required period: No evidence of a tabletop exercise or simulation was found within the last 12 months.,EVD-525010,Schedule and conduct an incident response tabletop exercise and document results.,In Progress
FIND-28412,CTRL-63808,Low,"Encryption not enforced on identified assets: One or more in-scope assets were found without encryption enabled, contrary to the control objective.",EVD-185236,Enable encryption at rest and in transit on the affected assets and validate via automated scan.,Closed
FIND-42897,CTRL-32312,Critical,Patch SLA breach identified: Vulnerability remediation exceeded the defined SLA window based on scan and ticketing data.,EVD-591799,Prioritize remediation of overdue vulnerabilities and review patch management SLA adherence.,Open
FIND-58174,CTRL-42825,High,Vendor security certification expired or missing: The associated third-party vendor's security certification could not be verified as current.,EVD-403326,Obtain updated certification from the vendor or escalate to procurement for contract review.,In Progress
FIND-93289,CTRL-65578,Medium,Training completion below required threshold: Security awareness training completion rate for in-scope employees fell below the mandated threshold.,EVD-832644,Launch a remediation campaign to close training completion gaps within 30 days.,Remediated
FIND-59116,CTRL-81089,Low,Incident response plan not tested within required period: No evidence of a tabletop exercise or simulation was found within the last 12 months.,EVD-464070,Schedule and conduct an incident response tabletop exercise and document results.,In Progress
FIND-25473,CTRL-59731,Low,"Evidence not collected within required cadence: The control's supporting evidence was not refreshed within the defined collection interval, creating a gap in continuous assurance.",EVD-285872,Establish an automated evidence collection schedule aligned to the control's required frequency.,Open
FIND-73840,CTRL-37734,High,Control implementation partially effective: Testing indicated the control is implemented but does not consistently operate as designed across all in-scope systems.,EVD-782959,Extend control coverage to remaining systems and re-test for consistent operating effectiveness.,In Progress
FIND-35670,CTRL-84995,Medium,Log retention below policy requirement: Centralized log data was found retained for a duration shorter than the policy-mandated period.,EVD-330912,Adjust log retention configuration to meet or exceed the policy-defined retention period.,Open
FIND-77545,CTRL-48117,High,Incident response plan not tested within required period: No evidence of a tabletop exercise or simulation was found within the last 12 months.,EVD-392153,Schedule and conduct an incident response tabletop exercise and document results.,In Progress
FIND-17333,CTRL-84531,Medium,Access review not performed for affected accounts: A sample of privileged accounts had no evidence of a periodic access recertification review.,EVD-318037,Complete a full access recertification cycle and enforce quarterly review cadence going forward.,Risk Accepted
FIND-62474,CTRL-40198,Low,Control implementation partially effective: Testing indicated the control is implemented but does not consistently operate as designed across all in-scope systems.,EVD-847214,Extend control coverage to remaining systems and re-test for consistent operating effectiveness.,Risk Accepted
FIND-13401,CTRL-76189,Medium,Access review not performed for affected accounts: A sample of privileged accounts had no evidence of a periodic access recertification review.,EVD-744918,Complete a full access recertification cycle and enforce quarterly review cadence going forward.,Risk Accepted
FIND-25603,CTRL-21993,Medium,Control implementation partially effective: Testing indicated the control is implemented but does not consistently operate as designed across all in-scope systems.,EVD-435111,Extend control coverage to remaining systems and re-test for consistent operating effectiveness.,Remediated
FIND-60094,CTRL-65323,Low,Control implementation partially effective: Testing indicated the control is implemented but does not consistently operate as designed across all in-scope systems.,EVD-825770,Extend control coverage to remaining systems and re-test for consistent operating effectiveness.,In Progress
FIND-69799,CTRL-92278,Low,Access review not performed for affected accounts: A sample of privileged accounts had no evidence of a periodic access recertification review.,EVD-284774,Complete a full access recertification cycle and enforce quarterly review cadence going forward.,Risk Accepted
FIND-19596,CTRL-35217,Low,Segregation of duties violation identified: A single user was found with conflicting permissions that violate segregation of duties requirements.,EVD-108788,Revoke conflicting privileges and implement approval workflow for sensitive role combinations.,Risk Accepted
FIND-19793,CTRL-24039,High,"Encryption not enforced on identified assets: One or more in-scope assets were found without encryption enabled, contrary to the control objective.",EVD-963746,Enable encryption at rest and in transit on the affected assets and validate via automated scan.,Open
FIND-16056,CTRL-85715,High,Vendor security certification expired or missing: The associated third-party vendor's security certification could not be verified as current.,EVD-765049,Obtain updated certification from the vendor or escalate to procurement for contract review.,Open
FIND-34001,CTRL-82834,Low,"Evidence not collected within required cadence: The control's supporting evidence was not refreshed within the defined collection interval, creating a gap in continuous assurance.",EVD-101437,Establish an automated evidence collection schedule aligned to the control's required frequency.,Risk Accepted
FIND-56410,CTRL-26430,Medium,"Encryption not enforced on identified assets: One or more in-scope assets were found without encryption enabled, contrary to the control objective.",EVD-236281,Enable encryption at rest and in transit on the affected assets and validate via automated scan.,In Progress
FIND-65822,CTRL-79082,Low,Segregation of duties violation identified: A single user was found with conflicting permissions that violate segregation of duties requirements.,EVD-210991,Revoke conflicting privileges and implement approval workflow for sensitive role combinations.,Remediated
FIND-84687,CTRL-61815,High,Vendor security certification expired or missing: The associated third-party vendor's security certification could not be verified as current.,EVD-732807,Obtain updated certification from the vendor or escalate to procurement for contract review.,In Progress
FIND-24691,CTRL-14039,High,Access review not performed for affected accounts: A sample of privileged accounts had no evidence of a periodic access recertification review.,EVD-916415,Complete a full access recertification cycle and enforce quarterly review cadence going forward.,Remediated
FIND-84215,CTRL-82836,High,Vendor security certification expired or missing: The associated third-party vendor's security certification could not be verified as current.,EVD-128585,Obtain updated certification from the vendor or escalate to procurement for contract review.,In Progress
FIND-42671,CTRL-90137,Medium,Patch SLA breach identified: Vulnerability remediation exceeded the defined SLA window based on scan and ticketing data.,EVD-801110,Prioritize remediation of overdue vulnerabilities and review patch management SLA adherence.,Closed
FIND-79019,CTRL-10301,Low,Access review not performed for affected accounts: A sample of privileged accounts had no evidence of a periodic access recertification review.,EVD-762966,Complete a full access recertification cycle and enforce quarterly review cadence going forward.,In Progress
FIND-62656,CTRL-28994,Critical,Patch SLA breach identified: Vulnerability remediation exceeded the defined SLA window based on scan and ticketing data.,EVD-946186,Prioritize remediation of overdue vulnerabilities and review patch management SLA adherence.,Open
FIND-50307,CTRL-84995,Critical,Access review not performed for affected accounts: A sample of privileged accounts had no evidence of a periodic access recertification review.,EVD-965993,Complete a full access recertification cycle and enforce quarterly review cadence going forward.,Risk Accepted
FIND-70435,CTRL-82834,Low,"Encryption not enforced on identified assets: One or more in-scope assets were found without encryption enabled, contrary to the control objective.",EVD-101437,Enable encryption at rest and in transit on the affected assets and validate via automated scan.,Closed
FIND-13189,CTRL-24039,Medium,Training completion below required threshold: Security awareness training completion rate for in-scope employees fell below the mandated threshold.,EVD-963746,Launch a remediation campaign to close training completion gaps within 30 days.,Risk Accepted
FIND-27370,CTRL-62427,Medium,Segregation of duties violation identified: A single user was found with conflicting permissions that violate segregation of duties requirements.,EVD-440747,Revoke conflicting privileges and implement approval workflow for sensitive role combinations.,In Progress
FIND-81169,CTRL-25778,Low,Access review not performed for affected accounts: A sample of privileged accounts had no evidence of a periodic access recertification review.,EVD-908547,Complete a full access recertification cycle and enforce quarterly review cadence going forward.,Open
FIND-23769,CTRL-17003,Low,Patch SLA breach identified: Vulnerability remediation exceeded the defined SLA window based on scan and ticketing data.,EVD-853457,Prioritize remediation of overdue vulnerabilities and review patch management SLA adherence.,In Progress
FIND-19169,CTRL-79881,Low,"Encryption not enforced on identified assets: One or more in-scope assets were found without encryption enabled, contrary to the control objective.",EVD-125493,Enable encryption at rest and in transit on the affected assets and validate via automated scan.,Open
FIND-28551,CTRL-18890,Critical,Consent records incomplete for processed data: Personal data processing activity was identified without a corresponding valid consent record.,EVD-839195,Reconcile data processing activities against consent records and remediate gaps.,Open
FIND-46462,CTRL-81468,Low,Control implementation partially effective: Testing indicated the control is implemented but does not consistently operate as designed across all in-scope systems.,EVD-591548,Extend control coverage to remaining systems and re-test for consistent operating effectiveness.,Remediated
FIND-64213,CTRL-78673,Low,Vendor security certification expired or missing: The associated third-party vendor's security certification could not be verified as current.,EVD-220710,Obtain updated certification from the vendor or escalate to procurement for contract review.,In Progress
FIND-74061,CTRL-97409,High,MFA not enforced for all applicable accounts: A subset of user accounts with access to sensitive systems did not have multi-factor authentication enabled.,EVD-108927,Enforce organization-wide MFA policy and remediate exception accounts within 30 days.,In Progress
FIND-33549,CTRL-85132,Low,Access review not performed for affected accounts: A sample of privileged accounts had no evidence of a periodic access recertification review.,EVD-702932,Complete a full access recertification cycle and enforce quarterly review cadence going forward.,Open
FIND-44475,CTRL-91661,Low,Control implementation partially effective: Testing indicated the control is implemented but does not consistently operate as designed across all in-scope systems.,EVD-956534,Extend control coverage to remaining systems and re-test for consistent operating effectiveness.,In Progress
FIND-41761,CTRL-17485,Low,Access review not performed for affected accounts: A sample of privileged accounts had no evidence of a periodic access recertification review.,EVD-685110,Complete a full access recertification cycle and enforce quarterly review cadence going forward.,Open
FIND-36743,CTRL-99794,Medium,Training completion below required threshold: Security awareness training completion rate for in-scope employees fell below the mandated threshold.,EVD-760223,Launch a remediation campaign to close training completion gaps within 30 days.,Remediated
FIND-94185,CTRL-62994,Low,Log retention below policy requirement: Centralized log data was found retained for a duration shorter than the policy-mandated period.,EVD-553622,Adjust log retention configuration to meet or exceed the policy-defined retention period.,Closed
FIND-97494,CTRL-12985,Critical,Control implementation partially effective: Testing indicated the control is implemented but does not consistently operate as designed across all in-scope systems.,EVD-854516,Extend control coverage to remaining systems and re-test for consistent operating effectiveness.,In Progress
FIND-86380,CTRL-88290,High,Training completion below required threshold: Security awareness training completion rate for in-scope employees fell below the mandated threshold.,EVD-745615,Launch a remediation campaign to close training completion gaps within 30 days.,Open
FIND-53873,CTRL-55962,High,Log retention below policy requirement: Centralized log data was found retained for a duration shorter than the policy-mandated period.,EVD-584605,Adjust log retention configuration to meet or exceed the policy-defined retention period.,Risk Accepted
FIND-71136,CTRL-76445,Critical,Vendor security certification expired or missing: The associated third-party vendor's security certification could not be verified as current.,EVD-314404,Obtain updated certification from the vendor or escalate to procurement for contract review.,Closed
FIND-98993,CTRL-92278,Medium,Consent records incomplete for processed data: Personal data processing activity was identified without a corresponding valid consent record.,EVD-284774,Reconcile data processing activities against consent records and remediate gaps.,In Progress
FIND-15623,CTRL-33033,Medium,Access review not performed for affected accounts: A sample of privileged accounts had no evidence of a periodic access recertification review.,EVD-426017,Complete a full access recertification cycle and enforce quarterly review cadence going forward.,Closed
FIND-89459,CTRL-99794,Medium,Patch SLA breach identified: Vulnerability remediation exceeded the defined SLA window based on scan and ticketing data.,EVD-995564,Prioritize remediation of overdue vulnerabilities and review patch management SLA adherence.,Risk Accepted
FIND-84152,CTRL-25355,Low,"Encryption not enforced on identified assets: One or more in-scope assets were found without encryption enabled, contrary to the control objective.",EVD-900209,Enable encryption at rest and in transit on the affected assets and validate via automated scan.,In Progress
FIND-68457,CTRL-26430,Medium,Training completion below required threshold: Security awareness training completion rate for in-scope employees fell below the mandated threshold.,EVD-236281,Launch a remediation campaign to close training completion gaps within 30 days.,In Progress
FIND-97607,CTRL-21253,High,Vendor security certification expired or missing: The associated third-party vendor's security certification could not be verified as current.,EVD-235152,Obtain updated certification from the vendor or escalate to procurement for contract review.,Open
FIND-38062,CTRL-97832,Critical,Access review not performed for affected accounts: A sample of privileged accounts had no evidence of a periodic access recertification review.,EVD-984719,Complete a full access recertification cycle and enforce quarterly review cadence going forward.,In Progress
FIND-86801,CTRL-32800,High,Control implementation partially effective: Testing indicated the control is implemented but does not consistently operate as designed across all in-scope systems.,EVD-970604,Extend control coverage to remaining systems and re-test for consistent operating effectiveness.,In Progress
FIND-41753,CTRL-21724,Medium,Incident response plan not tested within required period: No evidence of a tabletop exercise or simulation was found within the last 12 months.,EVD-911965,Schedule and conduct an incident response tabletop exercise and document results.,Closed
FIND-77435,CTRL-76784,Medium,Incident response plan not tested within required period: No evidence of a tabletop exercise or simulation was found within the last 12 months.,EVD-944342,Schedule and conduct an incident response tabletop exercise and document results.,Remediated
FIND-46066,CTRL-24039,Critical,Control implementation partially effective: Testing indicated the control is implemented but does not consistently operate as designed across all in-scope systems.,EVD-963746,Extend control coverage to remaining systems and re-test for consistent operating effectiveness.,In Progress
FIND-51146,CTRL-85620,Medium,"Evidence not collected within required cadence: The control's supporting evidence was not refreshed within the defined collection interval, creating a gap in continuous assurance.",EVD-904020,Establish an automated evidence collection schedule aligned to the control's required frequency.,Remediated
FIND-18293,CTRL-66319,Medium,"Encryption not enforced on identified assets: One or more in-scope assets were found without encryption enabled, contrary to the control objective.",EVD-102577,Enable encryption at rest and in transit on the affected assets and validate via automated scan.,Risk Accepted
FIND-99506,CTRL-13594,Medium,Patch SLA breach identified: Vulnerability remediation exceeded the defined SLA window based on scan and ticketing data.,EVD-539435,Prioritize remediation of overdue vulnerabilities and review patch management SLA adherence.,Open
FIND-67613,CTRL-49331,High,MFA not enforced for all applicable accounts: A subset of user accounts with access to sensitive systems did not have multi-factor authentication enabled.,EVD-986728,Enforce organization-wide MFA policy and remediate exception accounts within 30 days.,Risk Accepted
FIND-16748,CTRL-76314,High,MFA not enforced for all applicable accounts: A subset of user accounts with access to sensitive systems did not have multi-factor authentication enabled.,EVD-444926,Enforce organization-wide MFA policy and remediate exception accounts within 30 days.,Open
FIND-90452,CTRL-80393,Low,Training completion below required threshold: Security awareness training completion rate for in-scope employees fell below the mandated threshold.,EVD-177192,Launch a remediation campaign to close training completion gaps within 30 days.,In Progress
FIND-81875,CTRL-94415,High,Training completion below required threshold: Security awareness training completion rate for in-scope employees fell below the mandated threshold.,EVD-101342,Launch a remediation campaign to close training completion gaps within 30 days.,Risk Accepted
FIND-46072,CTRL-33033,Low,"Evidence not collected within required cadence: The control's supporting evidence was not refreshed within the defined collection interval, creating a gap in continuous assurance.",EVD-135128,Establish an automated evidence collection schedule aligned to the control's required frequency.,Open
FIND-30067,CTRL-49866,High,Segregation of duties violation identified: A single user was found with conflicting permissions that violate segregation of duties requirements.,EVD-352924,Revoke conflicting privileges and implement approval workflow for sensitive role combinations.,Remediated
FIND-63553,CTRL-92128,Medium,MFA not enforced for all applicable accounts: A subset of user accounts with access to sensitive systems did not have multi-factor authentication enabled.,EVD-760223,Enforce organization-wide MFA policy and remediate exception accounts within 30 days.,Closed
FIND-13124,CTRL-99548,High,Incident response plan not tested within required period: No evidence of a tabletop exercise or simulation was found within the last 12 months.,EVD-300995,Schedule and conduct an incident response tabletop exercise and document results.,In Progress
FIND-72483,CTRL-74171,Low,Log retention below policy requirement: Centralized log data was found retained for a duration shorter than the policy-mandated period.,EVD-446661,Adjust log retention configuration to meet or exceed the policy-defined retention period.,In Progress
FIND-22200,CTRL-91119,High,Consent records incomplete for processed data: Personal data processing activity was identified without a corresponding valid consent record.,EVD-572604,Reconcile data processing activities against consent records and remediate gaps.,In Progress
FIND-87424,CTRL-31983,Low,Patch SLA breach identified: Vulnerability remediation exceeded the defined SLA window based on scan and ticketing data.,EVD-808166,Prioritize remediation of overdue vulnerabilities and review patch management SLA adherence.,Remediated
FIND-70134,CTRL-88112,High,Training completion below required threshold: Security awareness training completion rate for in-scope employees fell below the mandated threshold.,EVD-719985,Launch a remediation campaign to close training completion gaps within 30 days.,Remediated
FIND-88803,CTRL-58193,Medium,Control implementation partially effective: Testing indicated the control is implemented but does not consistently operate as designed across all in-scope systems.,EVD-681284,Extend control coverage to remaining systems and re-test for consistent operating effectiveness.,Closed
FIND-26134,CTRL-58193,High,Incident response plan not tested within required period: No evidence of a tabletop exercise or simulation was found within the last 12 months.,EVD-783314,Schedule and conduct an incident response tabletop exercise and document results.,Remediated
FIND-89941,CTRL-31447,Medium,Control implementation partially effective: Testing indicated the control is implemented but does not consistently operate as designed across all in-scope systems.,EVD-657732,Extend control coverage to remaining systems and re-test for consistent operating effectiveness.,Risk Accepted
FIND-60310,CTRL-61815,Medium,Incident response plan not tested within required period: No evidence of a tabletop exercise or simulation was found within the last 12 months.,EVD-732807,Schedule and conduct an incident response tabletop exercise and document results.,In Progress
FIND-75276,CTRL-81425,Medium,Training completion below required threshold: Security awareness training completion rate for in-scope employees fell below the mandated threshold.,EVD-401550,Launch a remediation campaign to close training completion gaps within 30 days.,Open
FIND-74697,CTRL-85132,Low,Consent records incomplete for processed data: Personal data processing activity was identified without a corresponding valid consent record.,EVD-702932,Reconcile data processing activities against consent records and remediate gaps.,Risk Accepted
FIND-67216,CTRL-14397,Low,Consent records incomplete for processed data: Personal data processing activity was identified without a corresponding valid consent record.,EVD-193566,Reconcile data processing activities against consent records and remediate gaps.,In Progress
FIND-16801,CTRL-15503,Medium,Patch SLA breach identified: Vulnerability remediation exceeded the defined SLA window based on scan and ticketing data.,EVD-154821,Prioritize remediation of overdue vulnerabilities and review patch management SLA adherence.,Open
FIND-18632,CTRL-13409,Medium,Control implementation partially effective: Testing indicated the control is implemented but does not consistently operate as designed across all in-scope systems.,EVD-675269,Extend control coverage to remaining systems and re-test for consistent operating effectiveness.,Open
FIND-65243,CTRL-52511,Low,Access review not performed for affected accounts: A sample of privileged accounts had no evidence of a periodic access recertification review.,EVD-424648,Complete a full access recertification cycle and enforce quarterly review cadence going forward.,Open
FIND-82328,CTRL-44258,Medium,"Evidence not collected within required cadence: The control's supporting evidence was not refreshed within the defined collection interval, creating a gap in continuous assurance.",EVD-430163,Establish an automated evidence collection schedule aligned to the control's required frequency.,Open
FIND-14356,CTRL-23452,High,Segregation of duties violation identified: A single user was found with conflicting permissions that violate segregation of duties requirements.,EVD-214814,Revoke conflicting privileges and implement approval workflow for sensitive role combinations.,Open
FIND-18001,CTRL-29419,Low,Patch SLA breach identified: Vulnerability remediation exceeded the defined SLA window based on scan and ticketing data.,EVD-597577,Prioritize remediation of overdue vulnerabilities and review patch management SLA adherence.,Risk Accepted
FIND-50134,CTRL-98485,Low,Control implementation partially effective: Testing indicated the control is implemented but does not consistently operate as designed across all in-scope systems.,EVD-909633,Extend control coverage to remaining systems and re-test for consistent operating effectiveness.,In Progress
FIND-48249,CTRL-65323,Medium,"Encryption not enforced on identified assets: One or more in-scope assets were found without encryption enabled, contrary to the control objective.",EVD-825770,Enable encryption at rest and in transit on the affected assets and validate via automated scan.,In Progress
FIND-50648,CTRL-26430,Low,Patch SLA breach identified: Vulnerability remediation exceeded the defined SLA window based on scan and ticketing data.,EVD-141578,Prioritize remediation of overdue vulnerabilities and review patch management SLA adherence.,Open
FIND-46567,CTRL-12407,High,Incident response plan not tested within required period: No evidence of a tabletop exercise or simulation was found within the last 12 months.,EVD-826003,Schedule and conduct an incident response tabletop exercise and document results.,In Progress
FIND-43395,CTRL-80393,Medium,Log retention below policy requirement: Centralized log data was found retained for a duration shorter than the policy-mandated period.,EVD-177192,Adjust log retention configuration to meet or exceed the policy-defined retention period.,Closed
FIND-39646,CTRL-89811,High,Log retention below policy requirement: Centralized log data was found retained for a duration shorter than the policy-mandated period.,EVD-195852,Adjust log retention configuration to meet or exceed the policy-defined retention period.,Closed
FIND-29017,CTRL-74337,Low,Log retention below policy requirement: Centralized log data was found retained for a duration shorter than the policy-mandated period.,EVD-770318,Adjust log retention configuration to meet or exceed the policy-defined retention period.,In Progress
FIND-20811,CTRL-20419,Medium,Access review not performed for affected accounts: A sample of privileged accounts had no evidence of a periodic access recertification review.,EVD-901213,Complete a full access recertification cycle and enforce quarterly review cadence going forward.,Open
FIND-45150,CTRL-52644,Medium,Training completion below required threshold: Security awareness training completion rate for in-scope employees fell below the mandated threshold.,EVD-778847,Launch a remediation campaign to close training completion gaps within 30 days.,In Progress
FIND-92167,CTRL-30017,Low,"Encryption not enforced on identified assets: One or more in-scope assets were found without encryption enabled, contrary to the control objective.",EVD-954745,Enable encryption at rest and in transit on the affected assets and validate via automated scan.,Remediated
FIND-34030,CTRL-36635,High,Access review not performed for affected accounts: A sample of privileged accounts had no evidence of a periodic access recertification review.,EVD-847196,Complete a full access recertification cycle and enforce quarterly review cadence going forward.,Remediated
FIND-77548,CTRL-82834,Medium,Vendor security certification expired or missing: The associated third-party vendor's security certification could not be verified as current.,EVD-140946,Obtain updated certification from the vendor or escalate to procurement for contract review.,Remediated
FIND-87599,CTRL-53256,Critical,MFA not enforced for all applicable accounts: A subset of user accounts with access to sensitive systems did not have multi-factor authentication enabled.,EVD-688498,Enforce organization-wide MFA policy and remediate exception accounts within 30 days.,Closed
FIND-73028,CTRL-92588,High,Access review not performed for affected accounts: A sample of privileged accounts had no evidence of a periodic access recertification review.,EVD-515789,Complete a full access recertification cycle and enforce quarterly review cadence going forward.,In Progress
FIND-26022,CTRL-49331,Critical,"Evidence not collected within required cadence: The control's supporting evidence was not refreshed within the defined collection interval, creating a gap in continuous assurance.",EVD-845017,Establish an automated evidence collection schedule aligned to the control's required frequency.,Risk Accepted
FIND-13204,CTRL-99105,Low,Segregation of duties violation identified: A single user was found with conflicting permissions that violate segregation of duties requirements.,EVD-404169,Revoke conflicting privileges and implement approval workflow for sensitive role combinations.,Risk Accepted
FIND-81006,CTRL-86374,Low,Control implementation partially effective: Testing indicated the control is implemented but does not consistently operate as designed across all in-scope systems.,EVD-232410,Extend control coverage to remaining systems and re-test for consistent operating effectiveness.,Open
FIND-74881,CTRL-72082,Low,Segregation of duties violation identified: A single user was found with conflicting permissions that violate segregation of duties requirements.,EVD-829595,Revoke conflicting privileges and implement approval workflow for sensitive role combinations.,In Progress
FIND-22359,CTRL-71906,Low,Log retention below policy requirement: Centralized log data was found retained for a duration shorter than the policy-mandated period.,EVD-385169,Adjust log retention configuration to meet or exceed the policy-defined retention period.,In Progress
FIND-89219,CTRL-49331,High,"Evidence not collected within required cadence: The control's supporting evidence was not refreshed within the defined collection interval, creating a gap in continuous assurance.",EVD-986728,Establish an automated evidence collection schedule aligned to the control's required frequency.,In Progress
FIND-45210,CTRL-52471,Medium,Training completion below required threshold: Security awareness training completion rate for in-scope employees fell below the mandated threshold.,EVD-535468,Launch a remediation campaign to close training completion gaps within 30 days.,Open
FIND-64150,CTRL-58312,High,Access review not performed for affected accounts: A sample of privileged accounts had no evidence of a periodic access recertification review.,EVD-490144,Complete a full access recertification cycle and enforce quarterly review cadence going forward.,Open
FIND-67621,CTRL-81468,Medium,Incident response plan not tested within required period: No evidence of a tabletop exercise or simulation was found within the last 12 months.,EVD-591548,Schedule and conduct an incident response tabletop exercise and document results.,Open
FIND-79480,CTRL-52471,Medium,"Evidence not collected within required cadence: The control's supporting evidence was not refreshed within the defined collection interval, creating a gap in continuous assurance.",EVD-923424,Establish an automated evidence collection schedule aligned to the control's required frequency.,Open
FIND-10660,CTRL-10182,Low,MFA not enforced for all applicable accounts: A subset of user accounts with access to sensitive systems did not have multi-factor authentication enabled.,EVD-234965,Enforce organization-wide MFA policy and remediate exception accounts within 30 days.,Risk Accepted
FIND-32829,CTRL-43098,Critical,"Evidence not collected within required cadence: The control's supporting evidence was not refreshed within the defined collection interval, creating a gap in continuous assurance.",EVD-677024,Establish an automated evidence collection schedule aligned to the control's required frequency.,Open
FIND-33142,CTRL-41878,Medium,Log retention below policy requirement: Centralized log data was found retained for a duration shorter than the policy-mandated period.,EVD-463325,Adjust log retention configuration to meet or exceed the policy-defined retention period.,Open
FIND-38568,CTRL-76189,Medium,"Encryption not enforced on identified assets: One or more in-scope assets were found without encryption enabled, contrary to the control objective.",EVD-355719,Enable encryption at rest and in transit on the affected assets and validate via automated scan.,Open
FIND-64168,CTRL-34563,High,MFA not enforced for all applicable accounts: A subset of user accounts with access to sensitive systems did not have multi-factor authentication enabled.,EVD-390051,Enforce organization-wide MFA policy and remediate exception accounts within 30 days.,Remediated
FIND-88488,CTRL-99551,Medium,Consent records incomplete for processed data: Personal data processing activity was identified without a corresponding valid consent record.,EVD-265297,Reconcile data processing activities against consent records and remediate gaps.,In Progress
FIND-69816,CTRL-70828,Low,Log retention below policy requirement: Centralized log data was found retained for a duration shorter than the policy-mandated period.,EVD-705864,Adjust log retention configuration to meet or exceed the policy-defined retention period.,In Progress
FIND-71149,CTRL-70984,Low,MFA not enforced for all applicable accounts: A subset of user accounts with access to sensitive systems did not have multi-factor authentication enabled.,EVD-284692,Enforce organization-wide MFA policy and remediate exception accounts within 30 days.,In Progress
FIND-20902,CTRL-88357,Critical,Log retention below policy requirement: Centralized log data was found retained for a duration shorter than the policy-mandated period.,EVD-266215,Adjust log retention configuration to meet or exceed the policy-defined retention period.,Open
FIND-54755,CTRL-49853,High,"Encryption not enforced on identified assets: One or more in-scope assets were found without encryption enabled, contrary to the control objective.",EVD-466917,Enable encryption at rest and in transit on the affected assets and validate via automated scan.,Open
FIND-85920,CTRL-18738,Medium,Access review not performed for affected accounts: A sample of privileged accounts had no evidence of a periodic access recertification review.,EVD-374242,Complete a full access recertification cycle and enforce quarterly review cadence going forward.,In Progress
FIND-42116,CTRL-14981,Medium,"Evidence not collected within required cadence: The control's supporting evidence was not refreshed within the defined collection interval, creating a gap in continuous assurance.",EVD-801110,Establish an automated evidence collection schedule aligned to the control's required frequency.,Open
FIND-32211,CTRL-66003,High,Consent records incomplete for processed data: Personal data processing activity was identified without a corresponding valid consent record.,EVD-516153,Reconcile data processing activities against consent records and remediate gaps.,Open
FIND-66955,CTRL-18738,High,Vendor security certification expired or missing: The associated third-party vendor's security certification could not be verified as current.,EVD-199632,Obtain updated certification from the vendor or escalate to procurement for contract review.,Open
FIND-95527,CTRL-79881,Low,Segregation of duties violation identified: A single user was found with conflicting permissions that violate segregation of duties requirements.,EVD-933878,Revoke conflicting privileges and implement approval workflow for sensitive role combinations.,Open
FIND-99215,CTRL-97372,High,"Encryption not enforced on identified assets: One or more in-scope assets were found without encryption enabled, contrary to the control objective.",EVD-393473,Enable encryption at rest and in transit on the affected assets and validate via automated scan.,Open
FIND-13613,CTRL-99548,High,Vendor security certification expired or missing: The associated third-party vendor's security certification could not be verified as current.,EVD-300995,Obtain updated certification from the vendor or escalate to procurement for contract review.,In Progress
FIND-38387,CTRL-67924,Medium,Control implementation partially effective: Testing indicated the control is implemented but does not consistently operate as designed across all in-scope systems.,EVD-266215,Extend control coverage to remaining systems and re-test for consistent operating effectiveness.,Closed
FIND-24308,CTRL-49866,Critical,Log retention below policy requirement: Centralized log data was found retained for a duration shorter than the policy-mandated period.,EVD-352924,Adjust log retention configuration to meet or exceed the policy-defined retention period.,Remediated
FIND-85466,CTRL-86991,Medium,"Evidence not collected within required cadence: The control's supporting evidence was not refreshed within the defined collection interval, creating a gap in continuous assurance.",EVD-587451,Establish an automated evidence collection schedule aligned to the control's required frequency.,Risk Accepted
FIND-51042,CTRL-92278,Low,Patch SLA breach identified: Vulnerability remediation exceeded the defined SLA window based on scan and ticketing data.,EVD-318037,Prioritize remediation of overdue vulnerabilities and review patch management SLA adherence.,In Progress
FIND-14918,CTRL-11581,Critical,Patch SLA breach identified: Vulnerability remediation exceeded the defined SLA window based on scan and ticketing data.,EVD-277303,Prioritize remediation of overdue vulnerabilities and review patch management SLA adherence.,In Progress
FIND-45882,CTRL-48117,High,Training completion below required threshold: Security awareness training completion rate for in-scope employees fell below the mandated threshold.,EVD-419157,Launch a remediation campaign to close training completion gaps within 30 days.,Open
FIND-95574,CTRL-12147,High,Segregation of duties violation identified: A single user was found with conflicting permissions that violate segregation of duties requirements.,EVD-344687,Revoke conflicting privileges and implement approval workflow for sensitive role combinations.,In Progress
FIND-77211,CTRL-98396,Medium,Incident response plan not tested within required period: No evidence of a tabletop exercise or simulation was found within the last 12 months.,EVD-818359,Schedule and conduct an incident response tabletop exercise and document results.,Remediated
FIND-82973,CTRL-52644,Low,Vendor security certification expired or missing: The associated third-party vendor's security certification could not be verified as current.,EVD-778847,Obtain updated certification from the vendor or escalate to procurement for contract review.,In Progress
FIND-96028,CTRL-67489,Medium,Consent records incomplete for processed data: Personal data processing activity was identified without a corresponding valid consent record.,EVD-623422,Reconcile data processing activities against consent records and remediate gaps.,In Progress
FIND-35807,CTRL-43098,High,MFA not enforced for all applicable accounts: A subset of user accounts with access to sensitive systems did not have multi-factor authentication enabled.,EVD-677024,Enforce organization-wide MFA policy and remediate exception accounts within 30 days.,Closed
FIND-30785,CTRL-77345,Medium,"Evidence not collected within required cadence: The control's supporting evidence was not refreshed within the defined collection interval, creating a gap in continuous assurance.",EVD-886520,Establish an automated evidence collection schedule aligned to the control's required frequency.,Open
FIND-44926,CTRL-70828,Low,Vendor security certification expired or missing: The associated third-party vendor's security certification could not be verified as current.,EVD-705864,Obtain updated certification from the vendor or escalate to procurement for contract review.,Risk Accepted
FIND-69407,CTRL-88295,Medium,Log retention below policy requirement: Centralized log data was found retained for a duration shorter than the policy-mandated period.,EVD-507180,Adjust log retention configuration to meet or exceed the policy-defined retention period.,Closed
FIND-48200,CTRL-38246,Low,Access review not performed for affected accounts: A sample of privileged accounts had no evidence of a periodic access recertification review.,EVD-921135,Complete a full access recertification cycle and enforce quarterly review cadence going forward.,Risk Accepted
FIND-63221,CTRL-36006,Low,"Evidence not collected within required cadence: The control's supporting evidence was not refreshed within the defined collection interval, creating a gap in continuous assurance.",EVD-269476,Establish an automated evidence collection schedule aligned to the control's required frequency.,In Progress
FIND-70728,CTRL-64237,Medium,"Encryption not enforced on identified assets: One or more in-scope assets were found without encryption enabled, contrary to the control objective.",EVD-825197,Enable encryption at rest and in transit on the affected assets and validate via automated scan.,In Progress
FIND-62223,CTRL-81038,Low,"Evidence not collected within required cadence: The control's supporting evidence was not refreshed within the defined collection interval, creating a gap in continuous assurance.",EVD-362018,Establish an automated evidence collection schedule aligned to the control's required frequency.,Risk Accepted
FIND-92245,CTRL-59983,Critical,Incident response plan not tested within required period: No evidence of a tabletop exercise or simulation was found within the last 12 months.,EVD-456559,Schedule and conduct an incident response tabletop exercise and document results.,In Progress
FIND-20064,CTRL-57517,High,Training completion below required threshold: Security awareness training completion rate for in-scope employees fell below the mandated threshold.,EVD-686831,Launch a remediation campaign to close training completion gaps within 30 days.,In Progress
FIND-24751,CTRL-99794,Medium,Consent records incomplete for processed data: Personal data processing activity was identified without a corresponding valid consent record.,EVD-806126,Reconcile data processing activities against consent records and remediate gaps.,Remediated
FIND-60213,CTRL-90251,High,Segregation of duties violation identified: A single user was found with conflicting permissions that violate segregation of duties requirements.,EVD-822381,Revoke conflicting privileges and implement approval workflow for sensitive role combinations.,Risk Accepted
FIND-30351,CTRL-24039,Medium,Incident response plan not tested within required period: No evidence of a tabletop exercise or simulation was found within the last 12 months.,EVD-963746,Schedule and conduct an incident response tabletop exercise and document results.,In Progress
FIND-91024,CTRL-68917,Medium,Patch SLA breach identified: Vulnerability remediation exceeded the defined SLA window based on scan and ticketing data.,EVD-525010,Prioritize remediation of overdue vulnerabilities and review patch management SLA adherence.,In Progress
FIND-56918,CTRL-98396,Medium,Segregation of duties violation identified: A single user was found with conflicting permissions that violate segregation of duties requirements.,EVD-904020,Revoke conflicting privileges and implement approval workflow for sensitive role combinations.,Open
FIND-59071,CTRL-49491,Medium,Vendor security certification expired or missing: The associated third-party vendor's security certification could not be verified as current.,EVD-331296,Obtain updated certification from the vendor or escalate to procurement for contract review.,Risk Accepted
FIND-74266,CTRL-14870,Low,Access review not performed for affected accounts: A sample of privileged accounts had no evidence of a periodic access recertification review.,EVD-391153,Complete a full access recertification cycle and enforce quarterly review cadence going forward.,Remediated
FIND-14921,CTRL-91661,Low,"Evidence not collected within required cadence: The control's supporting evidence was not refreshed within the defined collection interval, creating a gap in continuous assurance.",EVD-956534,Establish an automated evidence collection schedule aligned to the control's required frequency.,Open
FIND-13302,CTRL-25037,Medium,Consent records incomplete for processed data: Personal data processing activity was identified without a corresponding valid consent record.,EVD-750609,Reconcile data processing activities against consent records and remediate gaps.,Remediated
FIND-61934,CTRL-18738,Critical,"Evidence not collected within required cadence: The control's supporting evidence was not refreshed within the defined collection interval, creating a gap in continuous assurance.",EVD-199632,Establish an automated evidence collection schedule aligned to the control's required frequency.,In Progress
FIND-31115,CTRL-97372,High,Segregation of duties violation identified: A single user was found with conflicting permissions that violate segregation of duties requirements.,EVD-442195,Revoke conflicting privileges and implement approval workflow for sensitive role combinations.,Remediated
FIND-40423,CTRL-74917,Low,"Encryption not enforced on identified assets: One or more in-scope assets were found without encryption enabled, contrary to the control objective.",EVD-297723,Enable encryption at rest and in transit on the affected assets and validate via automated scan.,In Progress
FIND-67809,CTRL-64044,Low,Control implementation partially effective: Testing indicated the control is implemented but does not consistently operate as designed across all in-scope systems.,EVD-397471,Extend control coverage to remaining systems and re-test for consistent operating effectiveness.,In Progress
FIND-54831,CTRL-93221,Low,Segregation of duties violation identified: A single user was found with conflicting permissions that violate segregation of duties requirements.,EVD-639688,Revoke conflicting privileges and implement approval workflow for sensitive role combinations.,Open
FIND-91618,CTRL-75802,High,"Encryption not enforced on identified assets: One or more in-scope assets were found without encryption enabled, contrary to the control objective.",EVD-454157,Enable encryption at rest and in transit on the affected assets and validate via automated scan.,Closed
FIND-88749,CTRL-58312,High,MFA not enforced for all applicable accounts: A subset of user accounts with access to sensitive systems did not have multi-factor authentication enabled.,EVD-490144,Enforce organization-wide MFA policy and remediate exception accounts within 30 days.,Remediated
FIND-62577,CTRL-89368,Low,"Evidence not collected within required cadence: The control's supporting evidence was not refreshed within the defined collection interval, creating a gap in continuous assurance.",EVD-139255,Establish an automated evidence collection schedule aligned to the control's required frequency.,Closed
FIND-68666,CTRL-76492,Low,"Evidence not collected within required cadence: The control's supporting evidence was not refreshed within the defined collection interval, creating a gap in continuous assurance.",EVD-634502,Establish an automated evidence collection schedule aligned to the control's required frequency.,Risk Accepted
FIND-91506,CTRL-15503,Medium,Vendor security certification expired or missing: The associated third-party vendor's security certification could not be verified as current.,EVD-540350,Obtain updated certification from the vendor or escalate to procurement for contract review.,Remediated
FIND-20383,CTRL-41878,High,Patch SLA breach identified: Vulnerability remediation exceeded the defined SLA window based on scan and ticketing data.,EVD-463325,Prioritize remediation of overdue vulnerabilities and review patch management SLA adherence.,Closed
FIND-46637,CTRL-68565,High,Consent records incomplete for processed data: Personal data processing activity was identified without a corresponding valid consent record.,EVD-743744,Reconcile data processing activities against consent records and remediate gaps.,In Progress
FIND-16774,CTRL-67489,Low,Segregation of duties violation identified: A single user was found with conflicting permissions that violate segregation of duties requirements.,EVD-623422,Revoke conflicting privileges and implement approval workflow for sensitive role combinations.,Open
FIND-45935,CTRL-52644,Low,Vendor security certification expired or missing: The associated third-party vendor's security certification could not be verified as current.,EVD-953741,Obtain updated certification from the vendor or escalate to procurement for contract review.,Open
FIND-91709,CTRL-77345,Medium,MFA not enforced for all applicable accounts: A subset of user accounts with access to sensitive systems did not have multi-factor authentication enabled.,EVD-886520,Enforce organization-wide MFA policy and remediate exception accounts within 30 days.,Risk Accepted
FIND-78983,CTRL-80753,High,Control implementation partially effective: Testing indicated the control is implemented but does not consistently operate as designed across all in-scope systems.,EVD-211922,Extend control coverage to remaining systems and re-test for consistent operating effectiveness.,Open
FIND-93155,CTRL-44961,Medium,MFA not enforced for all applicable accounts: A subset of user accounts with access to sensitive systems did not have multi-factor authentication enabled.,EVD-570807,Enforce organization-wide MFA policy and remediate exception accounts within 30 days.,Open
FIND-75869,CTRL-97409,High,Log retention below policy requirement: Centralized log data was found retained for a duration shorter than the policy-mandated period.,EVD-108927,Adjust log retention configuration to meet or exceed the policy-defined retention period.,Remediated
FIND-12195,CTRL-80753,Medium,Access review not performed for affected accounts: A sample of privileged accounts had no evidence of a periodic access recertification review.,EVD-211922,Complete a full access recertification cycle and enforce quarterly review cadence going forward.,Closed
FIND-15134,CTRL-30029,Low,"Evidence not collected within required cadence: The control's supporting evidence was not refreshed within the defined collection interval, creating a gap in continuous assurance.",EVD-702038,Establish an automated evidence collection schedule aligned to the control's required frequency.,In Progress
FIND-49549,CTRL-92564,High,Control implementation partially effective: Testing indicated the control is implemented but does not consistently operate as designed across all in-scope systems.,EVD-978966,Extend control coverage to remaining systems and re-test for consistent operating effectiveness.,Remediated
FIND-23433,CTRL-57242,High,"Encryption not enforced on identified assets: One or more in-scope assets were found without encryption enabled, contrary to the control objective.",EVD-497994,Enable encryption at rest and in transit on the affected assets and validate via automated scan.,Risk Accepted
FIND-24092,CTRL-62427,High,Patch SLA breach identified: Vulnerability remediation exceeded the defined SLA window based on scan and ticketing data.,EVD-593376,Prioritize remediation of overdue vulnerabilities and review patch management SLA adherence.,Closed
FIND-82813,CTRL-65977,Medium,Patch SLA breach identified: Vulnerability remediation exceeded the defined SLA window based on scan and ticketing data.,EVD-884732,Prioritize remediation of overdue vulnerabilities and review patch management SLA adherence.,Open
FIND-57870,CTRL-11581,Critical,Training completion below required threshold: Security awareness training completion rate for in-scope employees fell below the mandated threshold.,EVD-910559,Launch a remediation campaign to close training completion gaps within 30 days.,In Progress
FIND-81300,CTRL-74337,Medium,"Encryption not enforced on identified assets: One or more in-scope assets were found without encryption enabled, contrary to the control objective.",EVD-226665,Enable encryption at rest and in transit on the affected assets and validate via automated scan.,In Progress
FIND-68798,CTRL-37958,High,Segregation of duties violation identified: A single user was found with conflicting permissions that violate segregation of duties requirements.,EVD-765049,Revoke conflicting privileges and implement approval workflow for sensitive role combinations.,Open
FIND-61057,CTRL-93221,Medium,MFA not enforced for all applicable accounts: A subset of user accounts with access to sensitive systems did not have multi-factor authentication enabled.,EVD-540350,Enforce organization-wide MFA policy and remediate exception accounts within 30 days.,Open
FIND-70507,CTRL-79082,Medium,Consent records incomplete for processed data: Personal data processing activity was identified without a corresponding valid consent record.,EVD-243429,Reconcile data processing activities against consent records and remediate gaps.,Open
FIND-34311,CTRL-62427,High,Access review not performed for affected accounts: A sample of privileged accounts had no evidence of a periodic access recertification review.,EVD-440747,Complete a full access recertification cycle and enforce quarterly review cadence going forward.,Closed
FIND-88199,CTRL-47297,Low,"Evidence not collected within required cadence: The control's supporting evidence was not refreshed within the defined collection interval, creating a gap in continuous assurance.",EVD-756857,Establish an automated evidence collection schedule aligned to the control's required frequency.,Closed
FIND-35736,CTRL-73692,High,Incident response plan not tested within required period: No evidence of a tabletop exercise or simulation was found within the last 12 months.,EVD-628299,Schedule and conduct an incident response tabletop exercise and document results.,Risk Accepted
FIND-59680,CTRL-76784,High,Patch SLA breach identified: Vulnerability remediation exceeded the defined SLA window based on scan and ticketing data.,EVD-976168,Prioritize remediation of overdue vulnerabilities and review patch management SLA adherence.,Open
FIND-45504,CTRL-70561,Medium,Consent records incomplete for processed data: Personal data processing activity was identified without a corresponding valid consent record.,EVD-743744,Reconcile data processing activities against consent records and remediate gaps.,Risk Accepted
FIND-12319,CTRL-61392,Critical,MFA not enforced for all applicable accounts: A subset of user accounts with access to sensitive systems did not have multi-factor authentication enabled.,EVD-391013,Enforce organization-wide MFA policy and remediate exception accounts within 30 days.,Risk Accepted
FIND-44886,CTRL-63148,Medium,"Encryption not enforced on identified assets: One or more in-scope assets were found without encryption enabled, contrary to the control objective.",EVD-245636,Enable encryption at rest and in transit on the affected assets and validate via automated scan.,Closed
FIND-29050,CTRL-90034,Critical,Patch SLA breach identified: Vulnerability remediation exceeded the defined SLA window based on scan and ticketing data.,EVD-140266,Prioritize remediation of overdue vulnerabilities and review patch management SLA adherence.,Remediated
FIND-24197,CTRL-27875,High,Log retention below policy requirement: Centralized log data was found retained for a duration shorter than the policy-mandated period.,EVD-559908,Adjust log retention configuration to meet or exceed the policy-defined retention period.,Open
FIND-35531,CTRL-86991,Low,Vendor security certification expired or missing: The associated third-party vendor's security certification could not be verified as current.,EVD-284200,Obtain updated certification from the vendor or escalate to procurement for contract review.,Risk Accepted
FIND-41114,CTRL-82790,High,MFA not enforced for all applicable accounts: A subset of user accounts with access to sensitive systems did not have multi-factor authentication enabled.,EVD-426396,Enforce organization-wide MFA policy and remediate exception accounts within 30 days.,Closed
FIND-93801,CTRL-25037,Medium,Training completion below required threshold: Security awareness training completion rate for in-scope employees fell below the mandated threshold.,EVD-750609,Launch a remediation campaign to close training completion gaps within 30 days.,Risk Accepted
FIND-98134,CTRL-64237,Low,Control implementation partially effective: Testing indicated the control is implemented but does not consistently operate as designed across all in-scope systems.,EVD-825197,Extend control coverage to remaining systems and re-test for consistent operating effectiveness.,Remediated
FIND-47395,CTRL-88524,Low,Segregation of duties violation identified: A single user was found with conflicting permissions that violate segregation of duties requirements.,EVD-507180,Revoke conflicting privileges and implement approval workflow for sensitive role combinations.,Open
FIND-39424,CTRL-68197,Medium,Incident response plan not tested within required period: No evidence of a tabletop exercise or simulation was found within the last 12 months.,EVD-285872,Schedule and conduct an incident response tabletop exercise and document results.,In Progress
FIND-91838,CTRL-27090,Medium,Log retention below policy requirement: Centralized log data was found retained for a duration shorter than the policy-mandated period.,EVD-548167,Adjust log retention configuration to meet or exceed the policy-defined retention period.,Open
FIND-76040,CTRL-37503,Critical,Access review not performed for affected accounts: A sample of privileged accounts had no evidence of a periodic access recertification review.,EVD-429363,Complete a full access recertification cycle and enforce quarterly review cadence going forward.,Open
FIND-22134,CTRL-81373,High,"Evidence not collected within required cadence: The control's supporting evidence was not refreshed within the defined collection interval, creating a gap in continuous assurance.",EVD-478793,Establish an automated evidence collection schedule aligned to the control's required frequency.,Open
FIND-19930,CTRL-31848,Low,Access review not performed for affected accounts: A sample of privileged accounts had no evidence of a periodic access recertification review.,EVD-878301,Complete a full access recertification cycle and enforce quarterly review cadence going forward.,In Progress
FIND-54705,CTRL-77345,Medium,Patch SLA breach identified: Vulnerability remediation exceeded the defined SLA window based on scan and ticketing data.,EVD-886520,Prioritize remediation of overdue vulnerabilities and review patch management SLA adherence.,Risk Accepted
FIND-41861,CTRL-36635,High,Vendor security certification expired or missing: The associated third-party vendor's security certification could not be verified as current.,EVD-847196,Obtain updated certification from the vendor or escalate to procurement for contract review.,Risk Accepted
FIND-72092,CTRL-29419,Medium,Patch SLA breach identified: Vulnerability remediation exceeded the defined SLA window based on scan and ticketing data.,EVD-597577,Prioritize remediation of overdue vulnerabilities and review patch management SLA adherence.,Remediated
FIND-67289,CTRL-52753,High,Log retention below policy requirement: Centralized log data was found retained for a duration shorter than the policy-mandated period.,EVD-806280,Adjust log retention configuration to meet or exceed the policy-defined retention period.,In Progress
FIND-23485,CTRL-74171,Medium,"Encryption not enforced on identified assets: One or more in-scope assets were found without encryption enabled, contrary to the control objective.",EVD-108927,Enable encryption at rest and in transit on the affected assets and validate via automated scan.,In Progress
FIND-10336,CTRL-45167,Medium,Consent records incomplete for processed data: Personal data processing activity was identified without a corresponding valid consent record.,EVD-190922,Reconcile data processing activities against consent records and remediate gaps.,Closed
FIND-83227,CTRL-79082,Medium,"Encryption not enforced on identified assets: One or more in-scope assets were found without encryption enabled, contrary to the control objective.",EVD-243429,Enable encryption at rest and in transit on the affected assets and validate via automated scan.,Closed
