EvidenceID,ControlID,EvidenceType,EvidenceLocation,CollectedDate,Verified,CollectedAutomatically
EVD-516751,CTRL-53203,Backup Verification Report,evidence-repo/backups/CTRL-53203-4488.pdf,2026-06-08,TRUE,TRUE
EVD-806280,CTRL-52753,Audit Trail Export,evidence-repo/audit-trails/CTRL-52753-7670.csv,2026-03-29,TRUE,TRUE
EVD-862311,CTRL-57033,Incident Report,evidence-repo/incidents/CTRL-57033-2051.pdf,2026-02-17,TRUE,FALSE
EVD-922315,CTRL-92564,Log Extract,evidence-repo/logs/CTRL-92564-3409.log,2026-03-25,TRUE,TRUE
EVD-733725,CTRL-57517,Penetration Test Report,evidence-repo/pentest/CTRL-57517-7002.pdf,2026-02-27,FALSE,TRUE
EVD-300995,CTRL-99548,Encryption Configuration Proof,evidence-repo/encryption/CTRL-99548-2854.json,2026-02-15,TRUE,TRUE
EVD-986728,CTRL-49331,Incident Report,evidence-repo/incidents/CTRL-49331-5317.pdf,2026-05-01,TRUE,TRUE
EVD-253166,CTRL-42312,Policy Document,evidence-repo/policies/CTRL-42312-3113.pdf,2026-07-04,TRUE,TRUE
EVD-364266,CTRL-75077,Backup Verification Report,evidence-repo/backups/CTRL-75077-7657.pdf,2026-04-29,TRUE,TRUE
EVD-392524,CTRL-21334,Screenshot,evidence-repo/screenshots/CTRL-21334-5357.png,2026-05-30,TRUE,FALSE
EVD-612403,CTRL-57033,Screenshot,evidence-repo/screenshots/CTRL-57033-8985.png,2026-05-15,TRUE,TRUE
EVD-813182,CTRL-30021,Signed Attestation,evidence-repo/attestations/CTRL-30021-2564.pdf,2026-07-23,TRUE,TRUE
EVD-681284,CTRL-58193,Vulnerability Scan Report,evidence-repo/vuln-scans/CTRL-58193-4715.pdf,2026-05-17,FALSE,FALSE
EVD-986664,CTRL-53203,Access Review Report,evidence-repo/access-reviews/CTRL-53203-1539.xlsx,2026-04-13,TRUE,FALSE
EVD-591799,CTRL-32312,Configuration Export,evidence-repo/configs/CTRL-32312-6671.json,2026-07-10,TRUE,TRUE
EVD-992699,CTRL-27775,Audit Trail Export,evidence-repo/audit-trails/CTRL-27775-8326.csv,2026-07-03,TRUE,TRUE
EVD-125493,CTRL-93221,Backup Verification Report,evidence-repo/backups/CTRL-93221-5835.pdf,2026-04-06,TRUE,FALSE
EVD-161787,CTRL-86760,Audit Trail Export,evidence-repo/audit-trails/CTRL-86760-7110.csv,2026-03-10,FALSE,FALSE
EVD-926626,CTRL-92272,Backup Verification Report,evidence-repo/backups/CTRL-92272-2878.pdf,2026-04-10,TRUE,FALSE
EVD-385374,CTRL-11507,Signed Attestation,evidence-repo/attestations/CTRL-11507-4358.pdf,2026-05-26,TRUE,FALSE
EVD-391013,CTRL-61392,Access Review Report,evidence-repo/access-reviews/CTRL-61392-7916.xlsx,2026-04-06,TRUE,FALSE
EVD-319626,CTRL-82836,Configuration Export,evidence-repo/configs/CTRL-82836-5744.json,2026-03-04,TRUE,TRUE
EVD-552383,CTRL-10942,Log Extract,evidence-repo/logs/CTRL-10942-9979.log,2026-02-21,TRUE,TRUE
EVD-548167,CTRL-31983,Log Extract,evidence-repo/logs/CTRL-31983-8609.log,2026-05-08,TRUE,TRUE
EVD-954745,CTRL-30017,Audit Trail Export,evidence-repo/audit-trails/CTRL-30017-7111.csv,2026-03-10,TRUE,TRUE
EVD-234551,CTRL-18470,Screenshot,evidence-repo/screenshots/CTRL-18470-9324.png,2026-04-17,TRUE,TRUE
EVD-664484,CTRL-75802,Penetration Test Report,evidence-repo/pentest/CTRL-75802-9405.pdf,2026-07-09,FALSE,TRUE
EVD-603368,CTRL-14431,Backup Verification Report,evidence-repo/backups/CTRL-14431-5168.pdf,2026-06-06,FALSE,FALSE
EVD-579687,CTRL-38186,System Configuration Snapshot,evidence-repo/snapshots/CTRL-38186-6871.json,2026-05-13,TRUE,TRUE
EVD-379140,CTRL-32800,System Configuration Snapshot,evidence-repo/snapshots/CTRL-32800-6341.json,2026-07-15,TRUE,TRUE
EVD-834114,CTRL-78472,Vulnerability Scan Report,evidence-repo/vuln-scans/CTRL-78472-5113.pdf,2026-02-24,TRUE,TRUE
EVD-933878,CTRL-16493,Audit Trail Export,evidence-repo/audit-trails/CTRL-16493-3639.csv,2026-06-05,TRUE,TRUE
EVD-822744,CTRL-92272,Vulnerability Scan Report,evidence-repo/vuln-scans/CTRL-92272-8690.pdf,2026-03-06,TRUE,TRUE
EVD-551316,CTRL-53003,Log Extract,evidence-repo/logs/CTRL-53003-3816.log,2026-08-05,TRUE,TRUE
EVD-184922,CTRL-92636,Encryption Configuration Proof,evidence-repo/encryption/CTRL-92636-6815.json,2026-06-29,TRUE,FALSE
EVD-880807,CTRL-61392,Penetration Test Report,evidence-repo/pentest/CTRL-61392-8001.pdf,2026-03-02,TRUE,TRUE
EVD-717121,CTRL-64142,Training Completion Report,evidence-repo/training/CTRL-64142-6572.xlsx,2026-04-07,TRUE,FALSE
EVD-976584,CTRL-49937,Backup Verification Report,evidence-repo/backups/CTRL-49937-2729.pdf,2026-02-17,FALSE,FALSE
EVD-923424,CTRL-52471,Configuration Export,evidence-repo/configs/CTRL-52471-2963.json,2026-06-17,TRUE,TRUE
EVD-829595,CTRL-72082,Audit Trail Export,evidence-repo/audit-trails/CTRL-72082-3115.csv,2026-02-17,FALSE,TRUE
EVD-588345,CTRL-25609,Vulnerability Scan Report,evidence-repo/vuln-scans/CTRL-25609-4739.pdf,2026-05-29,TRUE,FALSE
EVD-746576,CTRL-28994,Policy Document,evidence-repo/policies/CTRL-28994-8797.pdf,2026-06-16,FALSE,FALSE
EVD-683243,CTRL-89394,Training Completion Report,evidence-repo/training/CTRL-89394-3015.xlsx,2026-03-06,FALSE,FALSE
EVD-222881,CTRL-60756,Encryption Configuration Proof,evidence-repo/encryption/CTRL-60756-1737.json,2026-03-26,TRUE,TRUE
EVD-338734,CTRL-19096,Screenshot,evidence-repo/screenshots/CTRL-19096-6449.png,2026-05-20,TRUE,TRUE
EVD-675585,CTRL-92564,Training Completion Report,evidence-repo/training/CTRL-92564-9378.xlsx,2026-07-27,TRUE,FALSE
EVD-861832,CTRL-77732,Access Review Report,evidence-repo/access-reviews/CTRL-77732-4389.xlsx,2026-05-06,TRUE,TRUE
EVD-297723,CTRL-74917,Training Completion Report,evidence-repo/training/CTRL-74917-7971.xlsx,2026-02-17,TRUE,TRUE
EVD-887663,CTRL-43941,Screenshot,evidence-repo/screenshots/CTRL-43941-3122.png,2026-02-11,TRUE,FALSE
EVD-688407,CTRL-55962,Audit Trail Export,evidence-repo/audit-trails/CTRL-55962-1048.csv,2026-08-07,TRUE,TRUE
EVD-978966,CTRL-92564,Penetration Test Report,evidence-repo/pentest/CTRL-92564-7040.pdf,2026-08-03,TRUE,FALSE
EVD-741766,CTRL-92576,Penetration Test Report,evidence-repo/pentest/CTRL-92576-8374.pdf,2026-02-17,FALSE,FALSE
EVD-475787,CTRL-73140,Configuration Export,evidence-repo/configs/CTRL-73140-2807.json,2026-04-20,TRUE,TRUE
EVD-878301,CTRL-82790,Vendor Assessment Report,evidence-repo/vendor-assessments/CTRL-82790-3176.pdf,2026-07-11,TRUE,FALSE
EVD-822381,CTRL-90251,Screenshot,evidence-repo/screenshots/CTRL-90251-1329.png,2026-04-26,TRUE,FALSE
EVD-314404,CTRL-76445,Training Completion Report,evidence-repo/training/CTRL-76445-7723.xlsx,2026-05-11,FALSE,FALSE
EVD-771152,CTRL-29296,Signed Attestation,evidence-repo/attestations/CTRL-29296-1433.pdf,2026-02-08,TRUE,FALSE
EVD-944342,CTRL-76784,Training Completion Report,evidence-repo/training/CTRL-76784-4044.xlsx,2026-05-03,TRUE,FALSE
EVD-865153,CTRL-15071,Configuration Export,evidence-repo/configs/CTRL-15071-9675.json,2026-03-22,TRUE,TRUE
EVD-266732,CTRL-68565,Encryption Configuration Proof,evidence-repo/encryption/CTRL-68565-5472.json,2026-07-08,TRUE,TRUE
EVD-354154,CTRL-51477,Audit Trail Export,evidence-repo/audit-trails/CTRL-51477-2637.csv,2026-05-06,FALSE,TRUE
EVD-810542,CTRL-86760,Encryption Configuration Proof,evidence-repo/encryption/CTRL-86760-4354.json,2026-05-18,FALSE,TRUE
EVD-602123,CTRL-66003,Signed Attestation,evidence-repo/attestations/CTRL-66003-8950.pdf,2026-08-03,FALSE,FALSE
EVD-477813,CTRL-32312,Backup Verification Report,evidence-repo/backups/CTRL-32312-3833.pdf,2026-05-29,FALSE,FALSE
EVD-384581,CTRL-63153,Audit Trail Export,evidence-repo/audit-trails/CTRL-63153-2461.csv,2026-07-15,TRUE,FALSE
EVD-330714,CTRL-46261,Audit Trail Export,evidence-repo/audit-trails/CTRL-46261-6102.csv,2026-07-27,FALSE,TRUE
EVD-995564,CTRL-92636,Audit Trail Export,evidence-repo/audit-trails/CTRL-92636-8214.csv,2026-03-21,TRUE,TRUE
EVD-102577,CTRL-66319,Encryption Configuration Proof,evidence-repo/encryption/CTRL-66319-9148.json,2026-03-21,TRUE,TRUE
EVD-313556,CTRL-16493,Access Review Report,evidence-repo/access-reviews/CTRL-16493-4802.xlsx,2026-06-04,TRUE,FALSE
EVD-725793,CTRL-37503,Screenshot,evidence-repo/screenshots/CTRL-37503-8919.png,2026-03-15,TRUE,FALSE
EVD-562261,CTRL-55240,Log Extract,evidence-repo/logs/CTRL-55240-8439.log,2026-04-30,TRUE,TRUE
EVD-647680,CTRL-66319,Policy Document,evidence-repo/policies/CTRL-66319-1469.pdf,2026-05-18,TRUE,FALSE
EVD-898308,CTRL-14039,Training Completion Report,evidence-repo/training/CTRL-14039-6662.xlsx,2026-06-03,TRUE,TRUE
EVD-775959,CTRL-74900,Encryption Configuration Proof,evidence-repo/encryption/CTRL-74900-5490.json,2026-04-20,TRUE,FALSE
EVD-433774,CTRL-13293,Incident Report,evidence-repo/incidents/CTRL-13293-1581.pdf,2026-02-20,TRUE,FALSE
EVD-847196,CTRL-36635,Access Review Report,evidence-repo/access-reviews/CTRL-36635-1694.xlsx,2026-04-27,FALSE,TRUE
EVD-210050,CTRL-38186,Penetration Test Report,evidence-repo/pentest/CTRL-38186-8877.pdf,2026-07-11,FALSE,FALSE
EVD-815754,CTRL-46261,Incident Report,evidence-repo/incidents/CTRL-46261-1179.pdf,2026-05-02,TRUE,FALSE
EVD-349548,CTRL-47406,Incident Report,evidence-repo/incidents/CTRL-47406-7483.pdf,2026-07-05,TRUE,FALSE
EVD-275280,CTRL-86907,Encryption Configuration Proof,evidence-repo/encryption/CTRL-86907-8574.json,2026-05-16,TRUE,FALSE
EVD-135128,CTRL-33033,Training Completion Report,evidence-repo/training/CTRL-33033-9575.xlsx,2026-04-09,FALSE,FALSE
EVD-555382,CTRL-10301,System Configuration Snapshot,evidence-repo/snapshots/CTRL-10301-6912.json,2026-08-01,FALSE,FALSE
EVD-738439,CTRL-31366,Incident Report,evidence-repo/incidents/CTRL-31366-3066.pdf,2026-07-23,TRUE,FALSE
EVD-801110,CTRL-90137,Signed Attestation,evidence-repo/attestations/CTRL-90137-6527.pdf,2026-04-06,TRUE,FALSE
EVD-193566,CTRL-52511,Screenshot,evidence-repo/screenshots/CTRL-52511-5146.png,2026-06-30,FALSE,FALSE
EVD-544614,CTRL-42263,Screenshot,evidence-repo/screenshots/CTRL-42263-8714.png,2026-03-28,TRUE,FALSE
EVD-796192,CTRL-64142,Training Completion Report,evidence-repo/training/CTRL-64142-2716.xlsx,2026-07-03,FALSE,TRUE
EVD-903687,CTRL-45134,Access Review Report,evidence-repo/access-reviews/CTRL-45134-3286.xlsx,2026-03-21,TRUE,FALSE
EVD-496658,CTRL-66319,Screenshot,evidence-repo/screenshots/CTRL-66319-7140.png,2026-04-24,TRUE,FALSE
EVD-854516,CTRL-55798,Signed Attestation,evidence-repo/attestations/CTRL-55798-5505.pdf,2026-07-28,FALSE,TRUE
EVD-826868,CTRL-86760,System Configuration Snapshot,evidence-repo/snapshots/CTRL-86760-7015.json,2026-06-27,TRUE,FALSE
EVD-921135,CTRL-38246,Encryption Configuration Proof,evidence-repo/encryption/CTRL-38246-6133.json,2026-05-10,TRUE,TRUE
EVD-909633,CTRL-98485,System Configuration Snapshot,evidence-repo/snapshots/CTRL-98485-2507.json,2026-07-12,FALSE,TRUE
EVD-422064,CTRL-52644,Signed Attestation,evidence-repo/attestations/CTRL-52644-5332.pdf,2026-05-12,TRUE,FALSE
EVD-731425,CTRL-11597,System Configuration Snapshot,evidence-repo/snapshots/CTRL-11597-3704.json,2026-03-24,TRUE,TRUE
EVD-329239,CTRL-86730,Log Extract,evidence-repo/logs/CTRL-86730-7408.log,2026-03-06,TRUE,TRUE
EVD-704245,CTRL-29855,Log Extract,evidence-repo/logs/CTRL-29855-9940.log,2026-07-17,FALSE,FALSE
EVD-357620,CTRL-13594,Audit Trail Export,evidence-repo/audit-trails/CTRL-13594-3325.csv,2026-03-14,FALSE,FALSE
EVD-998742,CTRL-58312,Vendor Assessment Report,evidence-repo/vendor-assessments/CTRL-58312-5400.pdf,2026-05-05,TRUE,FALSE
EVD-391153,CTRL-14870,Signed Attestation,evidence-repo/attestations/CTRL-14870-8365.pdf,2026-03-26,TRUE,FALSE
EVD-429363,CTRL-37503,Vulnerability Scan Report,evidence-repo/vuln-scans/CTRL-37503-8796.pdf,2026-08-06,FALSE,TRUE
EVD-169881,CTRL-10942,Backup Verification Report,evidence-repo/backups/CTRL-10942-3245.pdf,2026-02-12,TRUE,TRUE
EVD-232410,CTRL-86374,Log Extract,evidence-repo/logs/CTRL-86374-6452.log,2026-06-14,TRUE,TRUE
EVD-449140,CTRL-81373,Log Extract,evidence-repo/logs/CTRL-81373-5962.log,2026-05-11,TRUE,FALSE
EVD-413298,CTRL-37503,Encryption Configuration Proof,evidence-repo/encryption/CTRL-37503-5758.json,2026-06-03,FALSE,TRUE
EVD-205691,CTRL-55798,Policy Document,evidence-repo/policies/CTRL-55798-8435.pdf,2026-08-02,TRUE,FALSE
EVD-210991,CTRL-79082,Penetration Test Report,evidence-repo/pentest/CTRL-79082-5535.pdf,2026-06-05,TRUE,TRUE
EVD-685110,CTRL-17485,Penetration Test Report,evidence-repo/pentest/CTRL-17485-3357.pdf,2026-04-14,TRUE,FALSE
EVD-984719,CTRL-97832,Access Review Report,evidence-repo/access-reviews/CTRL-97832-6182.xlsx,2026-07-31,TRUE,TRUE
EVD-587451,CTRL-86991,Policy Document,evidence-repo/policies/CTRL-86991-5838.pdf,2026-06-05,TRUE,FALSE
EVD-185236,CTRL-63808,Audit Trail Export,evidence-repo/audit-trails/CTRL-63808-1305.csv,2026-04-08,TRUE,TRUE
EVD-688498,CTRL-53256,Log Extract,evidence-repo/logs/CTRL-53256-6524.log,2026-03-30,FALSE,TRUE
EVD-735839,CTRL-61392,Screenshot,evidence-repo/screenshots/CTRL-61392-7350.png,2026-03-05,TRUE,FALSE
EVD-836558,CTRL-49937,Encryption Configuration Proof,evidence-repo/encryption/CTRL-49937-5440.json,2026-08-03,TRUE,FALSE
EVD-818359,CTRL-44258,Vulnerability Scan Report,evidence-repo/vuln-scans/CTRL-44258-7087.pdf,2026-03-24,TRUE,FALSE
EVD-910559,CTRL-11581,Signed Attestation,evidence-repo/attestations/CTRL-11581-5044.pdf,2026-02-27,TRUE,FALSE
EVD-884732,CTRL-51477,Vulnerability Scan Report,evidence-repo/vuln-scans/CTRL-51477-8357.pdf,2026-05-30,TRUE,TRUE
EVD-512738,CTRL-21334,Encryption Configuration Proof,evidence-repo/encryption/CTRL-21334-8359.json,2026-06-26,FALSE,FALSE
EVD-549385,CTRL-51477,Encryption Configuration Proof,evidence-repo/encryption/CTRL-51477-2727.json,2026-03-13,TRUE,TRUE
EVD-196928,CTRL-27775,Vulnerability Scan Report,evidence-repo/vuln-scans/CTRL-27775-9725.pdf,2026-03-01,TRUE,TRUE
EVD-404169,CTRL-52518,Vulnerability Scan Report,evidence-repo/vuln-scans/CTRL-52518-5338.pdf,2026-02-13,TRUE,TRUE
EVD-911965,CTRL-11581,Configuration Export,evidence-repo/configs/CTRL-11581-8483.json,2026-07-03,TRUE,TRUE
EVD-764408,CTRL-92272,Incident Report,evidence-repo/incidents/CTRL-92272-3018.pdf,2026-04-17,TRUE,FALSE
EVD-744445,CTRL-47406,Signed Attestation,evidence-repo/attestations/CTRL-47406-7582.pdf,2026-04-23,TRUE,FALSE
EVD-470690,CTRL-43941,Training Completion Report,evidence-repo/training/CTRL-43941-5024.xlsx,2026-05-17,TRUE,FALSE
EVD-497744,CTRL-31983,Backup Verification Report,evidence-repo/backups/CTRL-31983-5177.pdf,2026-04-18,TRUE,FALSE
EVD-677024,CTRL-43098,Vendor Assessment Report,evidence-repo/vendor-assessments/CTRL-43098-9822.pdf,2026-04-20,TRUE,FALSE
EVD-234965,CTRL-10182,Encryption Configuration Proof,evidence-repo/encryption/CTRL-10182-7824.json,2026-05-02,TRUE,TRUE
EVD-236389,CTRL-32800,Penetration Test Report,evidence-repo/pentest/CTRL-32800-7765.pdf,2026-04-29,TRUE,FALSE
EVD-637538,CTRL-82834,Penetration Test Report,evidence-repo/pentest/CTRL-82834-1087.pdf,2026-07-31,FALSE,FALSE
EVD-836624,CTRL-57033,Backup Verification Report,evidence-repo/backups/CTRL-57033-3156.pdf,2026-05-27,TRUE,TRUE
EVD-495809,CTRL-93221,Vendor Assessment Report,evidence-repo/vendor-assessments/CTRL-93221-6743.pdf,2026-07-03,TRUE,FALSE
EVD-823480,CTRL-42858,Vendor Assessment Report,evidence-repo/vendor-assessments/CTRL-42858-2704.pdf,2026-06-20,TRUE,FALSE
EVD-299192,CTRL-45134,Audit Trail Export,evidence-repo/audit-trails/CTRL-45134-2857.csv,2026-06-28,TRUE,FALSE
EVD-369689,CTRL-77196,Log Extract,evidence-repo/logs/CTRL-77196-7515.log,2026-04-25,TRUE,TRUE
EVD-127723,CTRL-30029,Access Review Report,evidence-repo/access-reviews/CTRL-30029-8941.xlsx,2026-04-26,TRUE,TRUE
EVD-937308,CTRL-56638,System Configuration Snapshot,evidence-repo/snapshots/CTRL-56638-6813.json,2026-03-11,FALSE,FALSE
EVD-273615,CTRL-66003,Signed Attestation,evidence-repo/attestations/CTRL-66003-7620.pdf,2026-02-09,FALSE,TRUE
EVD-774526,CTRL-81970,Vendor Assessment Report,evidence-repo/vendor-assessments/CTRL-81970-2006.pdf,2026-07-26,TRUE,TRUE
EVD-956534,CTRL-91661,Training Completion Report,evidence-repo/training/CTRL-91661-3031.xlsx,2026-05-02,TRUE,FALSE
EVD-221825,CTRL-55798,Penetration Test Report,evidence-repo/pentest/CTRL-55798-7585.pdf,2026-03-08,TRUE,FALSE
EVD-995345,CTRL-72978,Signed Attestation,evidence-repo/attestations/CTRL-72978-6384.pdf,2026-05-02,TRUE,FALSE
EVD-485316,CTRL-47688,Configuration Export,evidence-repo/configs/CTRL-47688-6780.json,2026-03-03,TRUE,TRUE
EVD-539650,CTRL-91787,Vulnerability Scan Report,evidence-repo/vuln-scans/CTRL-91787-6660.pdf,2026-03-03,TRUE,TRUE
EVD-106017,CTRL-76492,Incident Report,evidence-repo/incidents/CTRL-76492-3784.pdf,2026-03-18,TRUE,FALSE
EVD-627055,CTRL-37503,Training Completion Report,evidence-repo/training/CTRL-37503-9474.xlsx,2026-03-15,TRUE,FALSE
EVD-825197,CTRL-64237,Encryption Configuration Proof,evidence-repo/encryption/CTRL-64237-3932.json,2026-02-25,TRUE,TRUE
EVD-305658,CTRL-70077,Penetration Test Report,evidence-repo/pentest/CTRL-70077-9420.pdf,2026-06-20,TRUE,FALSE
EVD-620711,CTRL-32499,Encryption Configuration Proof,evidence-repo/encryption/CTRL-32499-8628.json,2026-08-01,TRUE,TRUE
EVD-594591,CTRL-76100,Backup Verification Report,evidence-repo/backups/CTRL-76100-2837.pdf,2026-07-05,TRUE,FALSE
EVD-616546,CTRL-68320,System Configuration Snapshot,evidence-repo/snapshots/CTRL-68320-7078.json,2026-07-16,TRUE,TRUE
EVD-444926,CTRL-76314,Configuration Export,evidence-repo/configs/CTRL-76314-2783.json,2026-08-07,FALSE,TRUE
EVD-463325,CTRL-41878,Screenshot,evidence-repo/screenshots/CTRL-41878-1382.png,2026-05-07,FALSE,FALSE
EVD-839195,CTRL-18890,Backup Verification Report,evidence-repo/backups/CTRL-18890-8897.pdf,2026-03-08,TRUE,FALSE
EVD-588681,CTRL-52753,Encryption Configuration Proof,evidence-repo/encryption/CTRL-52753-2425.json,2026-07-24,TRUE,FALSE
EVD-470033,CTRL-63808,Policy Document,evidence-repo/policies/CTRL-63808-9920.pdf,2026-05-17,TRUE,FALSE
EVD-390051,CTRL-34563,Signed Attestation,evidence-repo/attestations/CTRL-34563-5883.pdf,2026-02-10,TRUE,FALSE
EVD-904020,CTRL-85620,Vendor Assessment Report,evidence-repo/vendor-assessments/CTRL-85620-1801.pdf,2026-06-01,TRUE,FALSE
EVD-637891,CTRL-10942,Configuration Export,evidence-repo/configs/CTRL-10942-9777.json,2026-02-27,TRUE,TRUE
EVD-262759,CTRL-77196,System Configuration Snapshot,evidence-repo/snapshots/CTRL-77196-7541.json,2026-07-23,TRUE,TRUE
EVD-295788,CTRL-90509,Screenshot,evidence-repo/screenshots/CTRL-90509-4659.png,2026-06-28,TRUE,FALSE
EVD-331296,CTRL-49491,Screenshot,evidence-repo/screenshots/CTRL-49491-2734.png,2026-05-12,TRUE,FALSE
EVD-769491,CTRL-98340,Log Extract,evidence-repo/logs/CTRL-98340-9265.log,2026-04-25,FALSE,FALSE
EVD-161050,CTRL-55798,Penetration Test Report,evidence-repo/pentest/CTRL-55798-8434.pdf,2026-03-16,FALSE,TRUE
EVD-783031,CTRL-92636,Encryption Configuration Proof,evidence-repo/encryption/CTRL-92636-5560.json,2026-07-07,TRUE,TRUE
EVD-145615,CTRL-61002,Penetration Test Report,evidence-repo/pentest/CTRL-61002-2465.pdf,2026-05-09,TRUE,FALSE
EVD-562210,CTRL-63153,Backup Verification Report,evidence-repo/backups/CTRL-63153-8281.pdf,2026-06-29,FALSE,FALSE
EVD-433180,CTRL-81970,Training Completion Report,evidence-repo/training/CTRL-81970-7024.xlsx,2026-06-11,TRUE,FALSE
EVD-586525,CTRL-15071,Training Completion Report,evidence-repo/training/CTRL-15071-8937.xlsx,2026-06-09,TRUE,FALSE
EVD-464070,CTRL-81089,Signed Attestation,evidence-repo/attestations/CTRL-81089-3656.pdf,2026-04-22,TRUE,FALSE
EVD-228809,CTRL-91192,Training Completion Report,evidence-repo/training/CTRL-91192-5713.xlsx,2026-04-09,TRUE,FALSE
EVD-866570,CTRL-94415,Penetration Test Report,evidence-repo/pentest/CTRL-94415-6325.pdf,2026-04-19,TRUE,FALSE
EVD-576659,CTRL-91370,Screenshot,evidence-repo/screenshots/CTRL-91370-4231.png,2026-04-13,FALSE,FALSE
EVD-430163,CTRL-44258,Screenshot,evidence-repo/screenshots/CTRL-44258-1517.png,2026-05-24,FALSE,FALSE
EVD-165812,CTRL-55240,Incident Report,evidence-repo/incidents/CTRL-55240-7222.pdf,2026-03-23,FALSE,FALSE
EVD-602788,CTRL-80393,Backup Verification Report,evidence-repo/backups/CTRL-80393-6889.pdf,2026-03-31,FALSE,FALSE
EVD-499265,CTRL-56638,Policy Document,evidence-repo/policies/CTRL-56638-7127.pdf,2026-02-26,TRUE,FALSE
EVD-318037,CTRL-92278,Backup Verification Report,evidence-repo/backups/CTRL-92278-1585.pdf,2026-07-21,TRUE,FALSE
EVD-743744,CTRL-68565,Penetration Test Report,evidence-repo/pentest/CTRL-68565-1333.pdf,2026-08-04,FALSE,FALSE
EVD-845017,CTRL-49331,System Configuration Snapshot,evidence-repo/snapshots/CTRL-49331-4896.json,2026-04-12,TRUE,TRUE
EVD-393473,CTRL-87969,Signed Attestation,evidence-repo/attestations/CTRL-87969-9828.pdf,2026-02-17,FALSE,FALSE
EVD-374242,CTRL-18738,Backup Verification Report,evidence-repo/backups/CTRL-18738-9479.pdf,2026-03-03,TRUE,TRUE
EVD-284692,CTRL-10182,Policy Document,evidence-repo/policies/CTRL-10182-4624.pdf,2026-05-18,TRUE,FALSE
EVD-622970,CTRL-91192,Vendor Assessment Report,evidence-repo/vendor-assessments/CTRL-91192-5246.pdf,2026-06-16,FALSE,FALSE
EVD-140946,CTRL-82834,Penetration Test Report,evidence-repo/pentest/CTRL-82834-8344.pdf,2026-03-16,TRUE,FALSE
EVD-826003,CTRL-12407,Penetration Test Report,evidence-repo/pentest/CTRL-12407-6534.pdf,2026-06-23,TRUE,FALSE
EVD-770318,CTRL-74337,Screenshot,evidence-repo/screenshots/CTRL-74337-5769.png,2026-03-10,TRUE,FALSE
EVD-799640,CTRL-76100,Screenshot,evidence-repo/screenshots/CTRL-76100-5973.png,2026-05-03,TRUE,FALSE
EVD-832644,CTRL-65578,Vendor Assessment Report,evidence-repo/vendor-assessments/CTRL-65578-4379.pdf,2026-02-25,TRUE,TRUE
EVD-781909,CTRL-27875,Signed Attestation,evidence-repo/attestations/CTRL-27875-3023.pdf,2026-03-15,FALSE,FALSE
EVD-625622,CTRL-82790,Vulnerability Scan Report,evidence-repo/vuln-scans/CTRL-82790-5672.pdf,2026-06-30,TRUE,TRUE
EVD-220327,CTRL-29793,Penetration Test Report,evidence-repo/pentest/CTRL-29793-6492.pdf,2026-03-23,TRUE,FALSE
EVD-768153,CTRL-31447,Audit Trail Export,evidence-repo/audit-trails/CTRL-31447-2686.csv,2026-03-29,TRUE,FALSE
EVD-128780,CTRL-98340,Configuration Export,evidence-repo/configs/CTRL-98340-5197.json,2026-07-17,TRUE,TRUE
EVD-866267,CTRL-31442,Training Completion Report,evidence-repo/training/CTRL-31442-4583.xlsx,2026-06-21,TRUE,FALSE
EVD-435111,CTRL-21993,Penetration Test Report,evidence-repo/pentest/CTRL-21993-6676.pdf,2026-04-17,TRUE,TRUE
EVD-194837,CTRL-55962,System Configuration Snapshot,evidence-repo/snapshots/CTRL-55962-2438.json,2026-04-02,TRUE,TRUE
EVD-211922,CTRL-80753,Access Review Report,evidence-repo/access-reviews/CTRL-80753-4879.xlsx,2026-08-02,TRUE,FALSE
EVD-426619,CTRL-29793,Configuration Export,evidence-repo/configs/CTRL-29793-9570.json,2026-03-04,TRUE,TRUE
EVD-625418,CTRL-57033,System Configuration Snapshot,evidence-repo/snapshots/CTRL-57033-5952.json,2026-06-01,TRUE,TRUE
EVD-223909,CTRL-91192,Audit Trail Export,evidence-repo/audit-trails/CTRL-91192-5766.csv,2026-07-21,FALSE,TRUE
EVD-125814,CTRL-11597,Log Extract,evidence-repo/logs/CTRL-11597-2451.log,2026-07-20,TRUE,FALSE
EVD-370214,CTRL-67924,Training Completion Report,evidence-repo/training/CTRL-67924-2442.xlsx,2026-06-01,FALSE,FALSE
EVD-674432,CTRL-30029,Access Review Report,evidence-repo/access-reviews/CTRL-30029-6779.xlsx,2026-07-02,TRUE,FALSE
EVD-909154,CTRL-34563,Screenshot,evidence-repo/screenshots/CTRL-34563-3774.png,2026-04-06,FALSE,FALSE
EVD-595064,CTRL-76659,Incident Report,evidence-repo/incidents/CTRL-76659-4155.pdf,2026-07-12,TRUE,FALSE
EVD-622096,CTRL-95295,Vulnerability Scan Report,evidence-repo/vuln-scans/CTRL-95295-1912.pdf,2026-08-03,TRUE,FALSE
EVD-743888,CTRL-15873,Penetration Test Report,evidence-repo/pentest/CTRL-15873-1025.pdf,2026-04-27,TRUE,FALSE
EVD-397471,CTRL-64044,Log Extract,evidence-repo/logs/CTRL-64044-5632.log,2026-07-15,FALSE,TRUE
EVD-853457,CTRL-17003,Signed Attestation,evidence-repo/attestations/CTRL-17003-7263.pdf,2026-06-19,TRUE,FALSE
EVD-623422,CTRL-67489,Backup Verification Report,evidence-repo/backups/CTRL-67489-6904.pdf,2026-07-01,FALSE,FALSE
EVD-732057,CTRL-29267,Vendor Assessment Report,evidence-repo/vendor-assessments/CTRL-29267-7205.pdf,2026-02-24,FALSE,FALSE
EVD-974454,CTRL-52644,Configuration Export,evidence-repo/configs/CTRL-52644-9985.json,2026-05-28,TRUE,FALSE
EVD-371594,CTRL-18890,Signed Attestation,evidence-repo/attestations/CTRL-18890-2464.pdf,2026-05-18,TRUE,FALSE
EVD-804239,CTRL-81468,Configuration Export,evidence-repo/configs/CTRL-81468-2515.json,2026-05-27,TRUE,TRUE
EVD-790472,CTRL-49491,Screenshot,evidence-repo/screenshots/CTRL-49491-7477.png,2026-07-16,TRUE,FALSE
EVD-628299,CTRL-79910,Configuration Export,evidence-repo/configs/CTRL-79910-8363.json,2026-06-24,TRUE,TRUE
EVD-963746,CTRL-24039,Incident Report,evidence-repo/incidents/CTRL-24039-4076.pdf,2026-07-14,FALSE,FALSE
EVD-386378,CTRL-34563,Screenshot,evidence-repo/screenshots/CTRL-34563-4035.png,2026-07-05,TRUE,FALSE
EVD-419157,CTRL-72978,Log Extract,evidence-repo/logs/CTRL-72978-3079.log,2026-07-28,FALSE,FALSE
EVD-162118,CTRL-11507,Signed Attestation,evidence-repo/attestations/CTRL-11507-3267.pdf,2026-04-20,TRUE,FALSE
EVD-330838,CTRL-44081,Training Completion Report,evidence-repo/training/CTRL-44081-7227.xlsx,2026-07-18,TRUE,FALSE
EVD-309958,CTRL-65578,Backup Verification Report,evidence-repo/backups/CTRL-65578-4320.pdf,2026-05-23,TRUE,TRUE
EVD-561964,CTRL-76100,Screenshot,evidence-repo/screenshots/CTRL-76100-6776.png,2026-02-24,TRUE,FALSE
EVD-426396,CTRL-82790,Log Extract,evidence-repo/logs/CTRL-82790-4131.log,2026-06-22,TRUE,TRUE
EVD-274539,CTRL-14431,Incident Report,evidence-repo/incidents/CTRL-14431-2461.pdf,2026-06-04,TRUE,FALSE
EVD-965993,CTRL-84995,Access Review Report,evidence-repo/access-reviews/CTRL-84995-3656.xlsx,2026-07-08,TRUE,FALSE
EVD-773841,CTRL-66003,Incident Report,evidence-repo/incidents/CTRL-66003-4121.pdf,2026-02-10,TRUE,FALSE
EVD-478990,CTRL-52518,Penetration Test Report,evidence-repo/pentest/CTRL-52518-7644.pdf,2026-04-07,TRUE,FALSE
EVD-784994,CTRL-81089,System Configuration Snapshot,evidence-repo/snapshots/CTRL-81089-8299.json,2026-07-13,TRUE,FALSE
EVD-220710,CTRL-68083,Configuration Export,evidence-repo/configs/CTRL-68083-7287.json,2026-04-21,TRUE,TRUE
EVD-128585,CTRL-82836,Encryption Configuration Proof,evidence-repo/encryption/CTRL-82836-3297.json,2026-04-14,TRUE,TRUE
EVD-400335,CTRL-31442,System Configuration Snapshot,evidence-repo/snapshots/CTRL-31442-4915.json,2026-04-01,FALSE,TRUE
EVD-190961,CTRL-11690,Vulnerability Scan Report,evidence-repo/vuln-scans/CTRL-11690-2592.pdf,2026-07-16,TRUE,FALSE
EVD-353868,CTRL-19578,Policy Document,evidence-repo/policies/CTRL-19578-5081.pdf,2026-04-01,FALSE,FALSE
EVD-516153,CTRL-66003,Access Review Report,evidence-repo/access-reviews/CTRL-66003-5143.xlsx,2026-05-21,TRUE,TRUE
EVD-567977,CTRL-38150,System Configuration Snapshot,evidence-repo/snapshots/CTRL-38150-5237.json,2026-06-07,TRUE,FALSE
EVD-440747,CTRL-62427,Training Completion Report,evidence-repo/training/CTRL-62427-2313.xlsx,2026-07-28,TRUE,FALSE
EVD-540350,CTRL-93221,Access Review Report,evidence-repo/access-reviews/CTRL-93221-5223.xlsx,2026-07-18,TRUE,TRUE
EVD-731461,CTRL-72082,Log Extract,evidence-repo/logs/CTRL-72082-2351.log,2026-04-23,TRUE,TRUE
EVD-863748,CTRL-32800,System Configuration Snapshot,evidence-repo/snapshots/CTRL-32800-8957.json,2026-06-08,TRUE,TRUE
EVD-817619,CTRL-11507,Signed Attestation,evidence-repo/attestations/CTRL-11507-9949.pdf,2026-05-18,TRUE,TRUE
EVD-885296,CTRL-56638,Signed Attestation,evidence-repo/attestations/CTRL-56638-6120.pdf,2026-04-05,TRUE,TRUE
EVD-718436,CTRL-49331,Incident Report,evidence-repo/incidents/CTRL-49331-8200.pdf,2026-04-20,TRUE,TRUE
EVD-351961,CTRL-46261,Audit Trail Export,evidence-repo/audit-trails/CTRL-46261-4890.csv,2026-06-07,TRUE,TRUE
EVD-903116,CTRL-45167,Training Completion Report,evidence-repo/training/CTRL-45167-8465.xlsx,2026-04-19,TRUE,FALSE
EVD-473268,CTRL-74337,Log Extract,evidence-repo/logs/CTRL-74337-7660.log,2026-03-17,TRUE,TRUE
EVD-112724,CTRL-51875,Backup Verification Report,evidence-repo/backups/CTRL-51875-7137.pdf,2026-02-22,TRUE,FALSE
EVD-277303,CTRL-11581,Screenshot,evidence-repo/screenshots/CTRL-11581-7587.png,2026-07-22,TRUE,FALSE
EVD-410517,CTRL-95295,Vendor Assessment Report,evidence-repo/vendor-assessments/CTRL-95295-2496.pdf,2026-06-29,TRUE,TRUE
EVD-907755,CTRL-55798,Backup Verification Report,evidence-repo/backups/CTRL-55798-5757.pdf,2026-05-13,TRUE,FALSE
EVD-641026,CTRL-42825,System Configuration Snapshot,evidence-repo/snapshots/CTRL-42825-2113.json,2026-05-03,FALSE,FALSE
EVD-879649,CTRL-82790,Vulnerability Scan Report,evidence-repo/vuln-scans/CTRL-82790-2268.pdf,2026-05-04,FALSE,TRUE
EVD-245636,CTRL-95502,Configuration Export,evidence-repo/configs/CTRL-95502-9803.json,2026-07-01,FALSE,TRUE
EVD-269476,CTRL-32499,Training Completion Report,evidence-repo/training/CTRL-32499-8754.xlsx,2026-06-20,TRUE,FALSE
EVD-850777,CTRL-15071,Audit Trail Export,evidence-repo/audit-trails/CTRL-15071-6191.csv,2026-06-29,TRUE,FALSE
EVD-570397,CTRL-15071,Incident Report,evidence-repo/incidents/CTRL-15071-2110.pdf,2026-04-27,TRUE,FALSE
EVD-330912,CTRL-84995,Log Extract,evidence-repo/logs/CTRL-84995-7101.log,2026-03-02,TRUE,TRUE
EVD-140266,CTRL-90034,Configuration Export,evidence-repo/configs/CTRL-90034-4083.json,2026-02-09,TRUE,TRUE
EVD-814403,CTRL-14431,Signed Attestation,evidence-repo/attestations/CTRL-14431-3056.pdf,2026-04-05,TRUE,FALSE
EVD-434688,CTRL-14431,System Configuration Snapshot,evidence-repo/snapshots/CTRL-14431-3236.json,2026-03-06,TRUE,TRUE
EVD-141930,CTRL-45134,Training Completion Report,evidence-repo/training/CTRL-45134-6420.xlsx,2026-03-10,TRUE,TRUE
EVD-196779,CTRL-98485,Backup Verification Report,evidence-repo/backups/CTRL-98485-9878.pdf,2026-06-09,TRUE,FALSE
EVD-666979,CTRL-42312,Log Extract,evidence-repo/logs/CTRL-42312-7315.log,2026-07-26,TRUE,TRUE
EVD-510399,CTRL-80455,Configuration Export,evidence-repo/configs/CTRL-80455-2184.json,2026-04-21,FALSE,FALSE
EVD-423385,CTRL-89811,Policy Document,evidence-repo/policies/CTRL-89811-6075.pdf,2026-02-18,TRUE,FALSE
EVD-234944,CTRL-52518,Vendor Assessment Report,evidence-repo/vendor-assessments/CTRL-52518-1721.pdf,2026-03-08,TRUE,FALSE
EVD-497994,CTRL-57242,Training Completion Report,evidence-repo/training/CTRL-57242-6234.xlsx,2026-03-06,TRUE,FALSE
EVD-784873,CTRL-44258,Access Review Report,evidence-repo/access-reviews/CTRL-44258-4517.xlsx,2026-05-06,TRUE,TRUE
EVD-795626,CTRL-77196,Encryption Configuration Proof,evidence-repo/encryption/CTRL-77196-7225.json,2026-02-26,TRUE,TRUE
EVD-102694,CTRL-62427,Audit Trail Export,evidence-repo/audit-trails/CTRL-62427-2779.csv,2026-07-06,TRUE,TRUE
EVD-110249,CTRL-66127,Screenshot,evidence-repo/screenshots/CTRL-66127-5050.png,2026-02-21,FALSE,FALSE
EVD-114329,CTRL-49853,Log Extract,evidence-repo/logs/CTRL-49853-6664.log,2026-08-02,TRUE,FALSE
EVD-500366,CTRL-67489,Access Review Report,evidence-repo/access-reviews/CTRL-67489-1467.xlsx,2026-05-31,TRUE,FALSE
EVD-686831,CTRL-57517,Training Completion Report,evidence-repo/training/CTRL-57517-9063.xlsx,2026-03-13,TRUE,FALSE
EVD-108788,CTRL-35217,Vulnerability Scan Report,evidence-repo/vuln-scans/CTRL-35217-1851.pdf,2026-03-29,TRUE,FALSE
EVD-508348,CTRL-89811,Configuration Export,evidence-repo/configs/CTRL-89811-6120.json,2026-07-26,TRUE,TRUE
EVD-652354,CTRL-57242,Signed Attestation,evidence-repo/attestations/CTRL-57242-3742.pdf,2026-02-25,TRUE,FALSE
EVD-847214,CTRL-40198,Vendor Assessment Report,evidence-repo/vendor-assessments/CTRL-40198-4337.pdf,2026-03-29,TRUE,TRUE
EVD-957871,CTRL-30154,Configuration Export,evidence-repo/configs/CTRL-30154-9613.json,2026-03-24,TRUE,TRUE
EVD-535468,CTRL-52471,Backup Verification Report,evidence-repo/backups/CTRL-52471-3240.pdf,2026-02-15,TRUE,FALSE
EVD-849567,CTRL-75077,Backup Verification Report,evidence-repo/backups/CTRL-75077-9494.pdf,2026-04-13,TRUE,TRUE
EVD-181637,CTRL-92278,Encryption Configuration Proof,evidence-repo/encryption/CTRL-92278-1751.json,2026-06-27,TRUE,FALSE
EVD-266215,CTRL-67924,Policy Document,evidence-repo/policies/CTRL-67924-3930.pdf,2026-07-05,TRUE,TRUE
EVD-224670,CTRL-66319,Signed Attestation,evidence-repo/attestations/CTRL-66319-1763.pdf,2026-04-28,TRUE,FALSE
EVD-818402,CTRL-60756,Penetration Test Report,evidence-repo/pentest/CTRL-60756-7826.pdf,2026-05-16,FALSE,TRUE
EVD-226665,CTRL-74337,Audit Trail Export,evidence-repo/audit-trails/CTRL-74337-6049.csv,2026-02-14,FALSE,TRUE
EVD-522188,CTRL-70077,Vulnerability Scan Report,evidence-repo/vuln-scans/CTRL-70077-9257.pdf,2026-05-21,TRUE,TRUE
EVD-177058,CTRL-52491,Vendor Assessment Report,evidence-repo/vendor-assessments/CTRL-52491-6894.pdf,2026-05-15,TRUE,TRUE
EVD-350826,CTRL-67924,Incident Report,evidence-repo/incidents/CTRL-67924-1285.pdf,2026-02-25,TRUE,FALSE
EVD-792966,CTRL-62960,Backup Verification Report,evidence-repo/backups/CTRL-62960-8987.pdf,2026-03-22,TRUE,FALSE
EVD-139255,CTRL-15873,Audit Trail Export,evidence-repo/audit-trails/CTRL-15873-9106.csv,2026-03-16,TRUE,TRUE
EVD-156005,CTRL-25609,Audit Trail Export,evidence-repo/audit-trails/CTRL-25609-8363.csv,2026-06-30,TRUE,FALSE
EVD-705864,CTRL-70828,Training Completion Report,evidence-repo/training/CTRL-70828-7064.xlsx,2026-03-18,TRUE,TRUE
EVD-496504,CTRL-30747,Policy Document,evidence-repo/policies/CTRL-30747-8695.pdf,2026-04-27,FALSE,FALSE
EVD-947541,CTRL-76659,System Configuration Snapshot,evidence-repo/snapshots/CTRL-76659-3231.json,2026-02-16,TRUE,TRUE
EVD-108927,CTRL-97409,System Configuration Snapshot,evidence-repo/snapshots/CTRL-97409-8611.json,2026-04-07,TRUE,TRUE
EVD-869966,CTRL-84645,Audit Trail Export,evidence-repo/audit-trails/CTRL-84645-6502.csv,2026-08-02,TRUE,TRUE
EVD-946186,CTRL-28994,Screenshot,evidence-repo/screenshots/CTRL-28994-3666.png,2026-06-16,TRUE,FALSE
EVD-912168,CTRL-55798,Incident Report,evidence-repo/incidents/CTRL-55798-2515.pdf,2026-02-15,TRUE,FALSE
EVD-732807,CTRL-61815,Access Review Report,evidence-repo/access-reviews/CTRL-61815-5219.xlsx,2026-07-01,FALSE,FALSE
EVD-371000,CTRL-90137,Penetration Test Report,evidence-repo/pentest/CTRL-90137-2347.pdf,2026-05-15,TRUE,FALSE
EVD-507180,CTRL-30747,Incident Report,evidence-repo/incidents/CTRL-30747-2236.pdf,2026-02-20,TRUE,FALSE
EVD-541416,CTRL-72978,Access Review Report,evidence-repo/access-reviews/CTRL-72978-1479.xlsx,2026-03-10,TRUE,FALSE
EVD-639688,CTRL-93221,Screenshot,evidence-repo/screenshots/CTRL-93221-9246.png,2026-04-29,TRUE,FALSE
EVD-424648,CTRL-52511,Vendor Assessment Report,evidence-repo/vendor-assessments/CTRL-52511-7059.pdf,2026-07-28,FALSE,FALSE
EVD-177192,CTRL-80393,Vendor Assessment Report,evidence-repo/vendor-assessments/CTRL-80393-3175.pdf,2026-06-27,TRUE,TRUE
EVD-984260,CTRL-84645,Policy Document,evidence-repo/policies/CTRL-84645-9787.pdf,2026-04-04,TRUE,FALSE
EVD-476180,CTRL-49653,Access Review Report,evidence-repo/access-reviews/CTRL-49653-9466.xlsx,2026-07-06,FALSE,FALSE
EVD-765210,CTRL-10301,Incident Report,evidence-repo/incidents/CTRL-10301-4949.pdf,2026-07-24,FALSE,TRUE
EVD-957170,CTRL-70077,Training Completion Report,evidence-repo/training/CTRL-70077-8879.xlsx,2026-05-27,TRUE,FALSE
EVD-185494,CTRL-34563,Audit Trail Export,evidence-repo/audit-trails/CTRL-34563-5700.csv,2026-02-13,TRUE,TRUE
EVD-284774,CTRL-92278,Log Extract,evidence-repo/logs/CTRL-92278-2290.log,2026-07-16,TRUE,TRUE
EVD-787143,CTRL-14431,Incident Report,evidence-repo/incidents/CTRL-14431-7532.pdf,2026-05-07,TRUE,TRUE
EVD-920903,CTRL-10942,Access Review Report,evidence-repo/access-reviews/CTRL-10942-1034.xlsx,2026-07-15,TRUE,FALSE
EVD-694434,CTRL-42825,Signed Attestation,evidence-repo/attestations/CTRL-42825-4632.pdf,2026-06-12,FALSE,FALSE
EVD-240651,CTRL-90062,Log Extract,evidence-repo/logs/CTRL-90062-4716.log,2026-07-09,TRUE,TRUE
EVD-674702,CTRL-88112,Vendor Assessment Report,evidence-repo/vendor-assessments/CTRL-88112-5838.pdf,2026-05-09,TRUE,FALSE
EVD-921033,CTRL-55240,Policy Document,evidence-repo/policies/CTRL-55240-9093.pdf,2026-04-16,TRUE,FALSE
EVD-855981,CTRL-56638,Penetration Test Report,evidence-repo/pentest/CTRL-56638-8668.pdf,2026-07-18,FALSE,FALSE
EVD-634502,CTRL-76492,Vendor Assessment Report,evidence-repo/vendor-assessments/CTRL-76492-3281.pdf,2026-06-20,TRUE,FALSE
EVD-645020,CTRL-87969,Backup Verification Report,evidence-repo/backups/CTRL-87969-9876.pdf,2026-05-09,FALSE,TRUE
EVD-446661,CTRL-57033,Configuration Export,evidence-repo/configs/CTRL-57033-3215.json,2026-04-09,TRUE,TRUE
EVD-284200,CTRL-86991,Incident Report,evidence-repo/incidents/CTRL-86991-5209.pdf,2026-03-04,FALSE,FALSE
EVD-690425,CTRL-90062,Signed Attestation,evidence-repo/attestations/CTRL-90062-6064.pdf,2026-07-11,FALSE,FALSE
EVD-339451,CTRL-31366,Access Review Report,evidence-repo/access-reviews/CTRL-31366-7296.xlsx,2026-02-12,TRUE,TRUE
EVD-287742,CTRL-30747,Vulnerability Scan Report,evidence-repo/vuln-scans/CTRL-30747-4067.pdf,2026-06-23,TRUE,TRUE
EVD-779255,CTRL-68320,Signed Attestation,evidence-repo/attestations/CTRL-68320-9972.pdf,2026-02-28,TRUE,FALSE
EVD-593382,CTRL-81089,Vulnerability Scan Report,evidence-repo/vuln-scans/CTRL-81089-8482.pdf,2026-08-02,FALSE,FALSE
EVD-781701,CTRL-41878,Backup Verification Report,evidence-repo/backups/CTRL-41878-9848.pdf,2026-04-28,TRUE,TRUE
EVD-242103,CTRL-61392,Vulnerability Scan Report,evidence-repo/vuln-scans/CTRL-61392-1211.pdf,2026-02-28,TRUE,TRUE
EVD-490144,CTRL-58312,Access Review Report,evidence-repo/access-reviews/CTRL-58312-8703.xlsx,2026-03-21,TRUE,FALSE
EVD-953741,CTRL-52644,Screenshot,evidence-repo/screenshots/CTRL-52644-2027.png,2026-07-02,FALSE,FALSE
EVD-778847,CTRL-52644,Audit Trail Export,evidence-repo/audit-trails/CTRL-52644-9159.csv,2026-04-05,TRUE,FALSE
EVD-580212,CTRL-31442,Configuration Export,evidence-repo/configs/CTRL-31442-2165.json,2026-05-17,FALSE,FALSE
EVD-782959,CTRL-56638,Penetration Test Report,evidence-repo/pentest/CTRL-56638-3843.pdf,2026-03-26,TRUE,TRUE
EVD-253628,CTRL-29267,Audit Trail Export,evidence-repo/audit-trails/CTRL-29267-8094.csv,2026-06-01,TRUE,TRUE
EVD-787353,CTRL-53203,Encryption Configuration Proof,evidence-repo/encryption/CTRL-53203-8484.json,2026-02-14,TRUE,FALSE
EVD-124225,CTRL-61002,Policy Document,evidence-repo/policies/CTRL-61002-3458.pdf,2026-03-28,FALSE,FALSE
EVD-131186,CTRL-72978,Penetration Test Report,evidence-repo/pentest/CTRL-72978-8567.pdf,2026-05-10,FALSE,FALSE
EVD-662545,CTRL-32499,Log Extract,evidence-repo/logs/CTRL-32499-7009.log,2026-04-29,TRUE,TRUE
EVD-403326,CTRL-42825,Log Extract,evidence-repo/logs/CTRL-42825-1567.log,2026-06-20,TRUE,FALSE
EVD-199299,CTRL-35877,Configuration Export,evidence-repo/configs/CTRL-35877-7944.json,2026-03-15,TRUE,TRUE
EVD-895887,CTRL-42312,Training Completion Report,evidence-repo/training/CTRL-42312-6937.xlsx,2026-06-08,TRUE,FALSE
EVD-670574,CTRL-64958,Audit Trail Export,evidence-repo/audit-trails/CTRL-64958-9189.csv,2026-02-14,TRUE,FALSE
EVD-737036,CTRL-85132,Screenshot,evidence-repo/screenshots/CTRL-85132-2364.png,2026-03-01,TRUE,FALSE
EVD-564648,CTRL-90509,Training Completion Report,evidence-repo/training/CTRL-90509-5123.xlsx,2026-08-06,TRUE,FALSE
EVD-657732,CTRL-31447,Log Extract,evidence-repo/logs/CTRL-31447-6677.log,2026-03-26,TRUE,TRUE
EVD-762966,CTRL-10301,Signed Attestation,evidence-repo/attestations/CTRL-10301-1715.pdf,2026-02-10,TRUE,FALSE
EVD-394241,CTRL-13594,Training Completion Report,evidence-repo/training/CTRL-13594-4651.xlsx,2026-07-28,TRUE,FALSE
EVD-235152,CTRL-21253,Encryption Configuration Proof,evidence-repo/encryption/CTRL-21253-9268.json,2026-04-03,TRUE,TRUE
EVD-539525,CTRL-57033,Audit Trail Export,evidence-repo/audit-trails/CTRL-57033-9322.csv,2026-02-28,TRUE,FALSE
EVD-702932,CTRL-85132,Vendor Assessment Report,evidence-repo/vendor-assessments/CTRL-85132-5687.pdf,2026-03-27,TRUE,FALSE
EVD-444788,CTRL-91192,Access Review Report,evidence-repo/access-reviews/CTRL-91192-9441.xlsx,2026-04-22,FALSE,FALSE
EVD-572075,CTRL-77283,Encryption Configuration Proof,evidence-repo/encryption/CTRL-77283-6783.json,2026-07-22,TRUE,FALSE
EVD-116061,CTRL-92564,Incident Report,evidence-repo/incidents/CTRL-92564-8388.pdf,2026-05-29,TRUE,FALSE
EVD-570866,CTRL-76492,Vendor Assessment Report,evidence-repo/vendor-assessments/CTRL-76492-8585.pdf,2026-08-07,FALSE,FALSE
EVD-217560,CTRL-53203,Configuration Export,evidence-repo/configs/CTRL-53203-9165.json,2026-04-21,TRUE,TRUE
EVD-879591,CTRL-42858,Penetration Test Report,evidence-repo/pentest/CTRL-42858-6826.pdf,2026-02-13,FALSE,FALSE
EVD-697307,CTRL-79910,Vulnerability Scan Report,evidence-repo/vuln-scans/CTRL-79910-2695.pdf,2026-05-05,FALSE,TRUE
EVD-881181,CTRL-44081,Vendor Assessment Report,evidence-repo/vendor-assessments/CTRL-44081-1348.pdf,2026-03-26,TRUE,FALSE
EVD-272086,CTRL-93221,Vendor Assessment Report,evidence-repo/vendor-assessments/CTRL-93221-8628.pdf,2026-04-08,TRUE,FALSE
EVD-756857,CTRL-92272,Log Extract,evidence-repo/logs/CTRL-92272-5251.log,2026-05-17,TRUE,FALSE
EVD-665859,CTRL-14431,Audit Trail Export,evidence-repo/audit-trails/CTRL-14431-3502.csv,2026-02-22,TRUE,FALSE
EVD-243429,CTRL-79082,Configuration Export,evidence-repo/configs/CTRL-79082-2749.json,2026-06-03,TRUE,TRUE
EVD-970604,CTRL-32800,System Configuration Snapshot,evidence-repo/snapshots/CTRL-32800-9247.json,2026-03-06,TRUE,TRUE
EVD-185234,CTRL-64237,Configuration Export,evidence-repo/configs/CTRL-64237-2452.json,2026-07-20,TRUE,TRUE
EVD-466917,CTRL-49853,Access Review Report,evidence-repo/access-reviews/CTRL-49853-4073.xlsx,2026-04-28,TRUE,FALSE
EVD-515789,CTRL-17485,Training Completion Report,evidence-repo/training/CTRL-17485-4437.xlsx,2026-05-31,TRUE,FALSE
EVD-559908,CTRL-27875,Audit Trail Export,evidence-repo/audit-trails/CTRL-27875-2948.csv,2026-05-30,TRUE,TRUE
EVD-226299,CTRL-66127,Signed Attestation,evidence-repo/attestations/CTRL-66127-7604.pdf,2026-04-13,TRUE,FALSE
EVD-286419,CTRL-94415,Penetration Test Report,evidence-repo/pentest/CTRL-94415-9953.pdf,2026-04-03,TRUE,FALSE
EVD-334530,CTRL-49653,Policy Document,evidence-repo/policies/CTRL-49653-6977.pdf,2026-04-03,TRUE,FALSE
EVD-661239,CTRL-62625,Penetration Test Report,evidence-repo/pentest/CTRL-62625-4003.pdf,2026-08-07,TRUE,FALSE
EVD-808166,CTRL-31983,Policy Document,evidence-repo/policies/CTRL-31983-1846.pdf,2026-08-06,TRUE,FALSE
EVD-379058,CTRL-44081,Audit Trail Export,evidence-repo/audit-trails/CTRL-44081-5020.csv,2026-07-07,FALSE,TRUE
EVD-525010,CTRL-68917,Encryption Configuration Proof,evidence-repo/encryption/CTRL-68917-5121.json,2026-04-22,TRUE,TRUE
EVD-597577,CTRL-29419,Penetration Test Report,evidence-repo/pentest/CTRL-29419-4989.pdf,2026-02-12,TRUE,FALSE
EVD-760223,CTRL-92128,Encryption Configuration Proof,evidence-repo/encryption/CTRL-92128-8792.json,2026-04-02,TRUE,TRUE
EVD-190922,CTRL-45167,Penetration Test Report,evidence-repo/pentest/CTRL-45167-2040.pdf,2026-07-17,TRUE,FALSE
EVD-158672,CTRL-78472,Audit Trail Export,evidence-repo/audit-trails/CTRL-78472-4972.csv,2026-05-09,TRUE,TRUE
EVD-414381,CTRL-85132,Access Review Report,evidence-repo/access-reviews/CTRL-85132-4922.xlsx,2026-03-03,TRUE,FALSE
EVD-825770,CTRL-65323,Backup Verification Report,evidence-repo/backups/CTRL-65323-7127.pdf,2026-02-09,TRUE,FALSE
EVD-865818,CTRL-32800,Audit Trail Export,evidence-repo/audit-trails/CTRL-32800-9255.csv,2026-06-26,TRUE,TRUE
EVD-638296,CTRL-52753,Screenshot,evidence-repo/screenshots/CTRL-52753-2638.png,2026-07-27,FALSE,FALSE
EVD-189779,CTRL-71906,Audit Trail Export,evidence-repo/audit-trails/CTRL-71906-7205.csv,2026-07-01,TRUE,TRUE
EVD-419507,CTRL-38186,Encryption Configuration Proof,evidence-repo/encryption/CTRL-38186-4253.json,2026-03-31,FALSE,FALSE
EVD-385046,CTRL-74337,Policy Document,evidence-repo/policies/CTRL-74337-4640.pdf,2026-07-26,TRUE,FALSE
EVD-420013,CTRL-30747,Access Review Report,evidence-repo/access-reviews/CTRL-30747-8582.xlsx,2026-05-15,FALSE,FALSE
EVD-141578,CTRL-26430,Log Extract,evidence-repo/logs/CTRL-26430-3120.log,2026-04-23,TRUE,TRUE
EVD-513836,CTRL-14870,Screenshot,evidence-repo/screenshots/CTRL-14870-2177.png,2026-06-25,FALSE,FALSE
EVD-536164,CTRL-49653,Training Completion Report,evidence-repo/training/CTRL-49653-2605.xlsx,2026-07-28,FALSE,FALSE
EVD-808906,CTRL-55962,Encryption Configuration Proof,evidence-repo/encryption/CTRL-55962-5500.json,2026-07-21,TRUE,FALSE
EVD-456559,CTRL-59983,Incident Report,evidence-repo/incidents/CTRL-59983-8069.pdf,2026-05-05,FALSE,FALSE
EVD-593376,CTRL-62427,Policy Document,evidence-repo/policies/CTRL-62427-4053.pdf,2026-05-11,TRUE,TRUE
EVD-578134,CTRL-14039,Penetration Test Report,evidence-repo/pentest/CTRL-14039-4293.pdf,2026-06-06,TRUE,FALSE
EVD-195852,CTRL-89811,Encryption Configuration Proof,evidence-repo/encryption/CTRL-89811-1589.json,2026-03-28,TRUE,FALSE
EVD-442195,CTRL-24219,Encryption Configuration Proof,evidence-repo/encryption/CTRL-24219-9272.json,2026-03-20,TRUE,FALSE
EVD-454157,CTRL-75802,Access Review Report,evidence-repo/access-reviews/CTRL-75802-7853.xlsx,2026-07-23,TRUE,FALSE
EVD-483864,CTRL-55735,Penetration Test Report,evidence-repo/pentest/CTRL-55735-6775.pdf,2026-06-10,FALSE,FALSE
EVD-997182,CTRL-86760,Access Review Report,evidence-repo/access-reviews/CTRL-86760-1366.xlsx,2026-06-12,TRUE,TRUE
EVD-362346,CTRL-33890,Training Completion Report,evidence-repo/training/CTRL-33890-5241.xlsx,2026-02-14,FALSE,FALSE
EVD-584605,CTRL-55962,System Configuration Snapshot,evidence-repo/snapshots/CTRL-55962-3808.json,2026-03-09,FALSE,FALSE
EVD-719985,CTRL-88112,Backup Verification Report,evidence-repo/backups/CTRL-88112-4632.pdf,2026-04-05,TRUE,FALSE
EVD-100113,CTRL-58193,Training Completion Report,evidence-repo/training/CTRL-58193-3539.xlsx,2026-05-17,TRUE,FALSE
EVD-344687,CTRL-12147,Audit Trail Export,evidence-repo/audit-trails/CTRL-12147-3367.csv,2026-02-28,FALSE,FALSE
EVD-318440,CTRL-95502,Vulnerability Scan Report,evidence-repo/vuln-scans/CTRL-95502-5079.pdf,2026-05-05,TRUE,TRUE
EVD-570620,CTRL-49653,Encryption Configuration Proof,evidence-repo/encryption/CTRL-49653-1371.json,2026-03-08,TRUE,TRUE
EVD-901213,CTRL-19578,Access Review Report,evidence-repo/access-reviews/CTRL-19578-2786.xlsx,2026-06-22,TRUE,FALSE
EVD-265297,CTRL-15071,Access Review Report,evidence-repo/access-reviews/CTRL-15071-8677.xlsx,2026-04-12,TRUE,FALSE
EVD-767596,CTRL-49937,Vulnerability Scan Report,evidence-repo/vuln-scans/CTRL-49937-9419.pdf,2026-06-14,TRUE,TRUE
EVD-369747,CTRL-25037,Backup Verification Report,evidence-repo/backups/CTRL-25037-8473.pdf,2026-03-09,TRUE,FALSE
EVD-585431,CTRL-77283,Incident Report,evidence-repo/incidents/CTRL-77283-8055.pdf,2026-07-07,TRUE,FALSE
EVD-517066,CTRL-67063,Training Completion Report,evidence-repo/training/CTRL-67063-6183.xlsx,2026-04-13,FALSE,FALSE
EVD-426017,CTRL-33033,Incident Report,evidence-repo/incidents/CTRL-33033-3840.pdf,2026-02-28,FALSE,FALSE
EVD-631641,CTRL-46261,Signed Attestation,evidence-repo/attestations/CTRL-46261-3879.pdf,2026-06-04,FALSE,FALSE
EVD-455732,CTRL-79910,Incident Report,evidence-repo/incidents/CTRL-79910-1345.pdf,2026-07-18,TRUE,TRUE
EVD-695452,CTRL-76492,Encryption Configuration Proof,evidence-repo/encryption/CTRL-76492-5021.json,2026-03-29,TRUE,TRUE
EVD-976168,CTRL-76784,Configuration Export,evidence-repo/configs/CTRL-76784-9456.json,2026-06-16,FALSE,FALSE
EVD-916415,CTRL-14039,System Configuration Snapshot,evidence-repo/snapshots/CTRL-14039-6887.json,2026-05-19,TRUE,TRUE
EVD-545073,CTRL-30017,System Configuration Snapshot,evidence-repo/snapshots/CTRL-30017-5450.json,2026-03-17,TRUE,FALSE
EVD-671954,CTRL-64958,Configuration Export,evidence-repo/configs/CTRL-64958-2743.json,2026-05-10,FALSE,FALSE
EVD-757223,CTRL-30154,Screenshot,evidence-repo/screenshots/CTRL-30154-1166.png,2026-07-23,TRUE,FALSE
EVD-680967,CTRL-55735,Encryption Configuration Proof,evidence-repo/encryption/CTRL-55735-9220.json,2026-06-13,TRUE,TRUE
EVD-214814,CTRL-57242,Log Extract,evidence-repo/logs/CTRL-57242-2997.log,2026-03-02,TRUE,TRUE
EVD-665286,CTRL-57517,Access Review Report,evidence-repo/access-reviews/CTRL-57517-5500.xlsx,2026-05-15,FALSE,FALSE
EVD-749681,CTRL-31447,Vulnerability Scan Report,evidence-repo/vuln-scans/CTRL-31447-2311.pdf,2026-03-04,TRUE,TRUE
EVD-482540,CTRL-27775,Policy Document,evidence-repo/policies/CTRL-27775-7407.pdf,2026-05-07,TRUE,FALSE
EVD-674428,CTRL-39599,Policy Document,evidence-repo/policies/CTRL-39599-9603.pdf,2026-04-25,TRUE,FALSE
EVD-783314,CTRL-58193,Penetration Test Report,evidence-repo/pentest/CTRL-58193-1681.pdf,2026-03-17,TRUE,FALSE
EVD-204951,CTRL-53203,Configuration Export,evidence-repo/configs/CTRL-53203-3447.json,2026-07-14,TRUE,TRUE
EVD-597913,CTRL-97324,Configuration Export,evidence-repo/configs/CTRL-97324-3730.json,2026-05-19,TRUE,TRUE
EVD-385169,CTRL-71906,System Configuration Snapshot,evidence-repo/snapshots/CTRL-71906-5192.json,2026-07-06,TRUE,FALSE
EVD-832144,CTRL-89394,Signed Attestation,evidence-repo/attestations/CTRL-89394-9126.pdf,2026-08-05,TRUE,TRUE
EVD-667919,CTRL-66127,System Configuration Snapshot,evidence-repo/snapshots/CTRL-66127-6799.json,2026-03-01,TRUE,TRUE
EVD-355719,CTRL-76189,Access Review Report,evidence-repo/access-reviews/CTRL-76189-3882.xlsx,2026-06-12,TRUE,FALSE
EVD-570807,CTRL-44961,Access Review Report,evidence-repo/access-reviews/CTRL-44961-9322.xlsx,2026-07-22,FALSE,FALSE
EVD-580011,CTRL-77984,Encryption Configuration Proof,evidence-repo/encryption/CTRL-77984-1988.json,2026-03-01,TRUE,FALSE
EVD-591548,CTRL-81468,System Configuration Snapshot,evidence-repo/snapshots/CTRL-81468-2454.json,2026-04-03,TRUE,TRUE
EVD-940027,CTRL-49491,System Configuration Snapshot,evidence-repo/snapshots/CTRL-49491-3581.json,2026-04-22,TRUE,FALSE
EVD-370699,CTRL-31442,Penetration Test Report,evidence-repo/pentest/CTRL-31442-3556.pdf,2026-03-09,TRUE,FALSE
EVD-177189,CTRL-63153,Penetration Test Report,evidence-repo/pentest/CTRL-63153-8892.pdf,2026-05-01,TRUE,FALSE
EVD-837245,CTRL-65578,Log Extract,evidence-repo/logs/CTRL-65578-9270.log,2026-04-10,TRUE,TRUE
EVD-744918,CTRL-76189,Access Review Report,evidence-repo/access-reviews/CTRL-76189-5926.xlsx,2026-07-06,TRUE,FALSE
EVD-285872,CTRL-68197,Penetration Test Report,evidence-repo/pentest/CTRL-68197-8292.pdf,2026-04-08,TRUE,FALSE
EVD-804680,CTRL-33890,Vendor Assessment Report,evidence-repo/vendor-assessments/CTRL-33890-8686.pdf,2026-06-06,FALSE,TRUE
EVD-545815,CTRL-88112,Backup Verification Report,evidence-repo/backups/CTRL-88112-9442.pdf,2026-02-08,FALSE,FALSE
EVD-565460,CTRL-51477,System Configuration Snapshot,evidence-repo/snapshots/CTRL-51477-6839.json,2026-02-18,FALSE,FALSE
EVD-539435,CTRL-13594,System Configuration Snapshot,evidence-repo/snapshots/CTRL-13594-9600.json,2026-04-15,TRUE,TRUE
EVD-154821,CTRL-47688,Policy Document,evidence-repo/policies/CTRL-47688-5413.pdf,2026-06-15,TRUE,TRUE
EVD-614620,CTRL-80455,Screenshot,evidence-repo/screenshots/CTRL-80455-3726.png,2026-03-30,FALSE,FALSE
EVD-485802,CTRL-95295,Access Review Report,evidence-repo/access-reviews/CTRL-95295-1990.xlsx,2026-03-25,FALSE,FALSE
EVD-641777,CTRL-65578,Incident Report,evidence-repo/incidents/CTRL-65578-2605.pdf,2026-06-30,TRUE,FALSE
EVD-601762,CTRL-42858,Configuration Export,evidence-repo/configs/CTRL-42858-2078.json,2026-03-03,TRUE,TRUE
EVD-362018,CTRL-81038,Configuration Export,evidence-repo/configs/CTRL-81038-5813.json,2026-06-08,TRUE,FALSE
EVD-739065,CTRL-52644,Encryption Configuration Proof,evidence-repo/encryption/CTRL-52644-7244.json,2026-06-21,TRUE,FALSE
EVD-399898,CTRL-98340,Penetration Test Report,evidence-repo/pentest/CTRL-98340-7602.pdf,2026-04-10,FALSE,FALSE
EVD-793706,CTRL-95295,Log Extract,evidence-repo/logs/CTRL-95295-6320.log,2026-06-05,TRUE,FALSE
EVD-108841,CTRL-51875,Log Extract,evidence-repo/logs/CTRL-51875-3272.log,2026-03-16,TRUE,FALSE
EVD-553622,CTRL-62994,Training Completion Report,evidence-repo/training/CTRL-62994-8081.xlsx,2026-07-30,TRUE,FALSE
EVD-142342,CTRL-70077,Configuration Export,evidence-repo/configs/CTRL-70077-6524.json,2026-03-11,TRUE,TRUE
EVD-625724,CTRL-42263,Encryption Configuration Proof,evidence-repo/encryption/CTRL-42263-2314.json,2026-07-15,TRUE,FALSE
EVD-745615,CTRL-78472,Penetration Test Report,evidence-repo/pentest/CTRL-78472-7922.pdf,2026-07-25,FALSE,FALSE
EVD-347441,CTRL-10128,Backup Verification Report,evidence-repo/backups/CTRL-10128-5150.pdf,2026-07-12,TRUE,TRUE
EVD-570112,CTRL-88112,Training Completion Report,evidence-repo/training/CTRL-88112-6043.xlsx,2026-05-12,TRUE,FALSE
EVD-887296,CTRL-37958,Policy Document,evidence-repo/policies/CTRL-37958-7557.pdf,2026-05-26,TRUE,FALSE
EVD-401550,CTRL-81425,Penetration Test Report,evidence-repo/pentest/CTRL-81425-5743.pdf,2026-02-18,TRUE,FALSE
EVD-300536,CTRL-42312,Incident Report,evidence-repo/incidents/CTRL-42312-7498.pdf,2026-06-20,TRUE,TRUE
EVD-750609,CTRL-25037,Backup Verification Report,evidence-repo/backups/CTRL-25037-2221.pdf,2026-03-31,TRUE,TRUE
EVD-348939,CTRL-65578,Screenshot,evidence-repo/screenshots/CTRL-65578-9258.png,2026-07-04,TRUE,FALSE
EVD-101437,CTRL-82834,Signed Attestation,evidence-repo/attestations/CTRL-82834-8475.pdf,2026-07-26,FALSE,FALSE
EVD-924971,CTRL-45112,Training Completion Report,evidence-repo/training/CTRL-45112-8229.xlsx,2026-07-24,TRUE,FALSE
EVD-989477,CTRL-10128,Screenshot,evidence-repo/screenshots/CTRL-10128-6319.png,2026-02-15,TRUE,FALSE
EVD-478793,CTRL-81373,Incident Report,evidence-repo/incidents/CTRL-81373-8267.pdf,2026-03-15,TRUE,FALSE
EVD-363044,CTRL-11507,Audit Trail Export,evidence-repo/audit-trails/CTRL-11507-4754.csv,2026-06-01,TRUE,TRUE
EVD-900209,CTRL-19096,Backup Verification Report,evidence-repo/backups/CTRL-19096-1533.pdf,2026-05-20,TRUE,TRUE
EVD-675269,CTRL-13409,Encryption Configuration Proof,evidence-repo/encryption/CTRL-13409-5659.json,2026-06-26,FALSE,FALSE
EVD-702038,CTRL-30029,Signed Attestation,evidence-repo/attestations/CTRL-30029-3592.pdf,2026-06-09,TRUE,FALSE
EVD-902278,CTRL-64044,Vulnerability Scan Report,evidence-repo/vuln-scans/CTRL-64044-8565.pdf,2026-05-21,TRUE,TRUE
EVD-908547,CTRL-25778,Log Extract,evidence-repo/logs/CTRL-25778-2396.log,2026-06-26,TRUE,FALSE
EVD-886520,CTRL-77345,Penetration Test Report,evidence-repo/pentest/CTRL-77345-9622.pdf,2026-06-22,TRUE,FALSE
EVD-352134,CTRL-76189,Policy Document,evidence-repo/policies/CTRL-76189-2518.pdf,2026-04-23,TRUE,FALSE
EVD-583133,CTRL-80455,Access Review Report,evidence-repo/access-reviews/CTRL-80455-2391.xlsx,2026-02-17,FALSE,FALSE
EVD-236281,CTRL-26430,Audit Trail Export,evidence-repo/audit-trails/CTRL-26430-4148.csv,2026-03-17,TRUE,TRUE
EVD-737018,CTRL-80455,Encryption Configuration Proof,evidence-repo/encryption/CTRL-80455-3291.json,2026-08-07,TRUE,TRUE
EVD-572604,CTRL-91119,Configuration Export,evidence-repo/configs/CTRL-91119-4260.json,2026-07-31,FALSE,FALSE
EVD-199632,CTRL-18738,Audit Trail Export,evidence-repo/audit-trails/CTRL-18738-3135.csv,2026-02-25,TRUE,TRUE
EVD-547437,CTRL-30747,Screenshot,evidence-repo/screenshots/CTRL-30747-1067.png,2026-02-19,TRUE,FALSE
EVD-473459,CTRL-92272,Vendor Assessment Report,evidence-repo/vendor-assessments/CTRL-92272-3165.pdf,2026-06-07,TRUE,FALSE
EVD-174695,CTRL-63153,Vendor Assessment Report,evidence-repo/vendor-assessments/CTRL-63153-5035.pdf,2026-06-08,FALSE,TRUE
EVD-806126,CTRL-81089,Encryption Configuration Proof,evidence-repo/encryption/CTRL-81089-6964.json,2026-07-04,TRUE,TRUE
EVD-765049,CTRL-37958,Penetration Test Report,evidence-repo/pentest/CTRL-37958-4036.pdf,2026-04-25,TRUE,TRUE
EVD-503143,CTRL-61002,Signed Attestation,evidence-repo/attestations/CTRL-61002-2986.pdf,2026-07-30,TRUE,TRUE
EVD-352924,CTRL-49866,System Configuration Snapshot,evidence-repo/snapshots/CTRL-49866-1559.json,2026-04-25,TRUE,TRUE
EVD-734496,CTRL-84995,Encryption Configuration Proof,evidence-repo/encryption/CTRL-84995-9951.json,2026-05-31,TRUE,TRUE
EVD-101342,CTRL-94415,Vendor Assessment Report,evidence-repo/vendor-assessments/CTRL-94415-4982.pdf,2026-07-14,FALSE,FALSE
EVD-347917,CTRL-29296,Log Extract,evidence-repo/logs/CTRL-29296-5812.log,2026-03-07,TRUE,TRUE
EVD-103133,CTRL-47253,Access Review Report,evidence-repo/access-reviews/CTRL-47253-2218.xlsx,2026-04-21,TRUE,FALSE
EVD-392153,CTRL-68083,Access Review Report,evidence-repo/access-reviews/CTRL-68083-3106.xlsx,2026-07-18,TRUE,FALSE
EVD-932300,CTRL-52491,Configuration Export,evidence-repo/configs/CTRL-52491-7133.json,2026-02-09,TRUE,TRUE
