ConsentID,EmployeeID,ApplicationID,ConsentGiven,ConsentDate,ExpiryDate,Revoked
CNS-799803,EMP0450,APP7447,FALSE,2025-05-02,2026-12-02,FALSE
CNS-689094,EMP0493,APP9740,TRUE,2024-03-07,2026-01-04,FALSE
CNS-192705,EMP0191,APP7096,TRUE,2024-03-21,2026-07-17,FALSE
CNS-422336,EMP0453,APP2482,TRUE,2025-07-05,2027-08-06,FALSE
CNS-125955,EMP0260,APP6202,TRUE,2024-05-11,2026-10-14,FALSE
CNS-736897,EMP0099,APP5001,TRUE,2025-10-22,2027-02-25,FALSE
CNS-585559,EMP0419,APP2306,TRUE,2025-03-08,2027-12-02,FALSE
CNS-938005,EMP0084,APP7447,FALSE,2024-05-13,2026-01-05,FALSE
CNS-787826,EMP0451,APP1536,TRUE,2024-03-09,2026-11-26,FALSE
CNS-591001,EMP0497,APP7096,TRUE,2025-04-08,2028-03-25,FALSE
CNS-499749,EMP0128,APP7447,TRUE,2025-01-13,2026-10-19,TRUE
CNS-707995,EMP0326,APP2744,TRUE,2026-05-22,2028-01-12,FALSE
CNS-247851,EMP0161,APP1410,TRUE,2025-04-10,2027-12-24,FALSE
CNS-403872,EMP0467,APP1984,TRUE,2024-02-08,2026-02-04,TRUE
CNS-721572,EMP0197,APP5103,TRUE,2024-11-07,2027-09-22,FALSE
CNS-682831,EMP0275,APP7390,TRUE,2024-07-11,2025-11-29,FALSE
CNS-998688,EMP0159,APP3993,TRUE,2025-05-31,2026-07-17,FALSE
CNS-764485,EMP0029,APP8967,TRUE,2026-06-20,2027-09-01,FALSE
CNS-985044,EMP0137,APP9740,TRUE,2025-06-25,2027-12-12,FALSE
CNS-349809,EMP0087,APP6532,TRUE,2024-02-28,2025-06-27,FALSE
CNS-193828,EMP0437,APP9680,TRUE,2025-02-05,2027-01-17,FALSE
CNS-232257,EMP0333,APP7845,TRUE,2024-12-19,2027-11-02,FALSE
CNS-903386,EMP0258,APP7956,TRUE,2024-03-08,2025-11-16,FALSE
CNS-511204,EMP0481,APP5103,TRUE,2025-05-20,2027-07-25,FALSE
CNS-617050,EMP0472,APP6756,FALSE,2026-06-10,2029-04-27,FALSE
CNS-110802,EMP0462,APP6660,TRUE,2025-11-29,2028-10-31,FALSE
CNS-369174,EMP0410,APP6475,TRUE,2025-12-16,2027-07-14,FALSE
CNS-693475,EMP0405,APP2533,TRUE,2025-08-02,2027-09-16,FALSE
CNS-290849,EMP0372,APP1630,TRUE,2023-12-25,2025-06-10,FALSE
CNS-935087,EMP0438,APP2184,TRUE,2025-12-10,2027-12-06,FALSE
CNS-127076,EMP0288,APP5103,TRUE,2025-08-18,2027-10-04,FALSE
CNS-747251,EMP0168,APP7845,FALSE,2025-09-21,2027-07-15,FALSE
CNS-333453,EMP0415,APP2989,TRUE,2025-09-02,2026-12-11,FALSE
CNS-707051,EMP0227,APP9546,TRUE,2024-08-22,2025-08-30,FALSE
CNS-352783,EMP0040,APP1984,TRUE,2026-04-17,2027-07-11,FALSE
CNS-825240,EMP0220,APP6399,FALSE,2024-01-09,2025-01-15,FALSE
CNS-382402,EMP0063,APP2604,TRUE,2024-10-20,2027-10-06,FALSE
CNS-406056,EMP0283,APP5510,TRUE,2025-07-08,2028-04-12,FALSE
CNS-709877,EMP0388,APP3805,FALSE,2026-06-19,2027-12-27,FALSE
CNS-603463,EMP0374,APP8861,TRUE,2025-06-13,2028-05-12,FALSE
CNS-223051,EMP0220,APP3606,TRUE,2026-05-17,2028-04-13,FALSE
CNS-826301,EMP0072,APP5360,FALSE,2025-06-23,2026-07-23,FALSE
CNS-731834,EMP0082,APP4848,TRUE,2023-11-16,2026-10-06,FALSE
CNS-874860,EMP0229,APP9741,TRUE,2025-04-25,2028-01-09,FALSE
CNS-103809,EMP0252,APP9605,FALSE,2024-02-14,2025-03-17,FALSE
CNS-833071,EMP0063,APP2350,TRUE,2025-01-11,2026-01-18,FALSE
CNS-797350,EMP0295,APP7096,TRUE,2024-03-09,2025-05-04,TRUE
CNS-369454,EMP0106,APP9680,FALSE,2026-02-16,2027-02-21,FALSE
CNS-495261,EMP0153,APP2350,TRUE,2024-10-21,2026-12-08,FALSE
CNS-356602,EMP0243,APP5066,TRUE,2025-09-15,2027-10-20,FALSE
CNS-858607,EMP0069,APP4393,TRUE,2026-04-09,2028-06-26,FALSE
CNS-740174,EMP0234,APP4469,TRUE,2024-02-03,2026-11-22,FALSE
CNS-444503,EMP0038,APP5510,TRUE,2025-08-18,2028-02-14,FALSE
CNS-822319,EMP0379,APP3805,TRUE,2023-11-14,2026-10-03,TRUE
CNS-473767,EMP0270,APP4451,TRUE,2026-01-05,2027-11-17,FALSE
CNS-576583,EMP0104,APP2242,TRUE,2025-06-06,2028-04-08,FALSE
CNS-440099,EMP0266,APP4391,FALSE,2026-05-28,2027-06-20,FALSE
CNS-240346,EMP0139,APP2482,TRUE,2025-07-24,2027-07-24,FALSE
CNS-421693,EMP0202,APP6915,FALSE,2024-10-02,2027-01-17,FALSE
CNS-243127,EMP0015,APP1029,TRUE,2023-11-28,2025-03-08,FALSE
CNS-245989,EMP0449,APP4301,FALSE,2025-01-23,2026-01-26,FALSE
CNS-705445,EMP0045,APP4188,TRUE,2025-11-28,2028-06-11,FALSE
CNS-161168,EMP0380,APP1166,TRUE,2025-12-15,2027-06-16,FALSE
CNS-591684,EMP0238,APP7235,TRUE,2024-09-02,2025-10-08,TRUE
CNS-355861,EMP0153,APP7088,TRUE,2025-02-27,2026-06-28,FALSE
CNS-665778,EMP0225,APP1166,TRUE,2025-10-21,2027-11-28,FALSE
CNS-585112,EMP0412,APP9673,TRUE,2024-02-27,2025-07-23,FALSE
CNS-784323,EMP0488,APP9605,TRUE,2024-08-22,2026-04-16,FALSE
CNS-230266,EMP0071,APP2396,TRUE,2025-07-25,2027-03-12,FALSE
CNS-211804,EMP0340,APP1338,TRUE,2025-05-14,2027-01-24,TRUE
CNS-847190,EMP0494,APP1166,TRUE,2024-05-21,2025-10-27,TRUE
CNS-949537,EMP0371,APP5981,TRUE,2025-11-28,2028-07-22,FALSE
CNS-819374,EMP0214,APP3719,TRUE,2024-08-20,2026-01-19,FALSE
CNS-742645,EMP0222,APP6709,TRUE,2024-01-01,2026-04-02,FALSE
CNS-405227,EMP0165,APP3719,TRUE,2024-09-23,2027-08-31,FALSE
CNS-827048,EMP0116,APP4391,TRUE,2024-02-16,2025-03-20,FALSE
CNS-151521,EMP0333,APP3993,FALSE,2025-08-03,2026-08-20,FALSE
CNS-434324,EMP0288,APP6475,TRUE,2025-06-16,2027-03-21,TRUE
CNS-144362,EMP0285,APP1410,TRUE,2025-11-07,2027-10-31,FALSE
CNS-300525,EMP0218,APP1700,TRUE,2024-08-26,2026-12-15,FALSE
CNS-122167,EMP0078,APP4265,FALSE,2023-11-16,2025-12-21,FALSE
CNS-183452,EMP0234,APP5001,TRUE,2026-03-31,2028-08-18,FALSE
CNS-824745,EMP0075,APP1410,FALSE,2025-04-17,2027-04-04,FALSE
CNS-539155,EMP0386,APP2306,TRUE,2024-12-06,2026-10-14,FALSE
CNS-596922,EMP0026,APP7712,TRUE,2024-08-02,2026-06-28,FALSE
CNS-428892,EMP0300,APP8431,TRUE,2026-04-07,2027-10-04,FALSE
CNS-170348,EMP0328,APP4469,TRUE,2025-12-01,2028-07-27,FALSE
CNS-861449,EMP0339,APP7940,FALSE,2025-06-04,2027-09-28,FALSE
CNS-316120,EMP0205,APP4451,TRUE,2026-04-09,2029-03-02,FALSE
CNS-249407,EMP0032,APP6660,TRUE,2026-02-06,2028-01-23,FALSE
CNS-298363,EMP0455,APP6870,TRUE,2025-01-18,2026-08-10,FALSE
CNS-892560,EMP0470,APP9741,FALSE,2024-01-24,2025-08-16,FALSE
CNS-312874,EMP0432,APP6439,TRUE,2024-03-14,2025-12-25,FALSE
CNS-886226,EMP0158,APP6210,FALSE,2025-06-08,2028-01-21,FALSE
CNS-634807,EMP0289,APP9417,FALSE,2024-05-15,2026-06-27,FALSE
CNS-179907,EMP0391,APP3719,TRUE,2025-11-07,2027-05-14,FALSE
CNS-177500,EMP0442,APP6081,TRUE,2024-04-16,2026-05-16,FALSE
CNS-310074,EMP0111,APP6532,TRUE,2024-06-07,2026-06-22,FALSE
CNS-479343,EMP0332,APP2396,FALSE,2024-02-24,2027-01-21,FALSE
CNS-985535,EMP0418,APP2834,TRUE,2025-11-25,2027-07-13,FALSE
CNS-499287,EMP0013,APP5066,TRUE,2024-11-22,2026-02-02,FALSE
CNS-940152,EMP0028,APP9791,TRUE,2025-07-09,2028-03-01,FALSE
CNS-126479,EMP0413,APP8073,TRUE,2024-12-12,2026-07-03,FALSE
CNS-598040,EMP0162,APP2533,FALSE,2026-04-16,2027-10-26,FALSE
CNS-939318,EMP0297,APP7940,FALSE,2024-11-20,2027-04-27,FALSE
CNS-594408,EMP0014,APP1900,TRUE,2026-05-22,2029-01-25,FALSE
CNS-580318,EMP0265,APP1984,TRUE,2024-03-25,2026-09-12,FALSE
CNS-682495,EMP0062,APP2242,TRUE,2025-04-03,2026-04-11,FALSE
CNS-733894,EMP0458,APP9581,FALSE,2025-03-26,2028-02-21,FALSE
CNS-991326,EMP0142,APP4358,TRUE,2024-05-17,2025-10-11,FALSE
CNS-787624,EMP0477,APP6756,TRUE,2025-02-07,2028-01-13,FALSE
CNS-352745,EMP0143,APP6756,TRUE,2025-07-04,2027-12-31,FALSE
CNS-654731,EMP0209,APP4666,FALSE,2025-04-17,2026-10-15,FALSE
CNS-311064,EMP0326,APP4193,TRUE,2026-01-19,2027-01-22,FALSE
CNS-384589,EMP0350,APP4358,TRUE,2026-03-12,2028-06-20,FALSE
CNS-268054,EMP0387,APP3324,TRUE,2024-10-14,2026-07-19,TRUE
CNS-805610,EMP0234,APP1338,FALSE,2024-08-03,2025-09-06,FALSE
CNS-856637,EMP0369,APP6784,TRUE,2025-01-16,2027-06-17,FALSE
CNS-897842,EMP0227,APP2242,TRUE,2025-01-20,2027-09-21,FALSE
CNS-279541,EMP0495,APP2834,TRUE,2024-03-11,2027-02-09,FALSE
CNS-778823,EMP0488,APP4469,TRUE,2024-01-16,2025-12-16,FALSE
CNS-350692,EMP0001,APP6092,TRUE,2025-11-23,2027-04-08,FALSE
CNS-515509,EMP0215,APP9791,TRUE,2026-04-13,2028-08-07,FALSE
CNS-971793,EMP0427,APP6399,TRUE,2025-07-01,2027-07-19,FALSE
CNS-772015,EMP0072,APP6709,FALSE,2024-09-23,2027-03-17,FALSE
CNS-643520,EMP0342,APP8952,TRUE,2026-05-26,2027-11-28,TRUE
CNS-493501,EMP0169,APP3269,TRUE,2024-06-01,2027-03-19,FALSE
CNS-483137,EMP0028,APP1984,TRUE,2024-04-30,2026-11-07,FALSE
CNS-963257,EMP0289,APP5066,TRUE,2026-02-01,2027-10-30,FALSE
CNS-334411,EMP0445,APP6475,TRUE,2025-07-23,2027-12-30,FALSE
CNS-695670,EMP0110,APP3606,TRUE,2025-05-06,2026-05-14,FALSE
CNS-654381,EMP0326,APP4391,TRUE,2026-04-10,2028-02-29,FALSE
CNS-335548,EMP0211,APP2242,TRUE,2023-11-14,2025-09-25,FALSE
CNS-615223,EMP0061,APP3843,TRUE,2024-02-05,2025-07-29,FALSE
CNS-342052,EMP0192,APP3993,TRUE,2024-01-17,2026-08-20,FALSE
CNS-313650,EMP0077,APP5103,FALSE,2024-02-22,2026-06-18,FALSE
CNS-828844,EMP0442,APP8861,TRUE,2026-04-08,2028-03-11,FALSE
CNS-332697,EMP0252,APP2989,TRUE,2025-11-19,2027-05-29,FALSE
CNS-398977,EMP0297,APP2242,TRUE,2025-09-18,2027-01-08,FALSE
CNS-641731,EMP0188,APP9822,TRUE,2024-06-02,2025-10-14,FALSE
CNS-900129,EMP0391,APP5981,FALSE,2024-07-26,2027-05-18,FALSE
CNS-787832,EMP0299,APP5430,FALSE,2025-03-20,2027-01-08,FALSE
CNS-581397,EMP0480,APP3993,TRUE,2025-10-16,2027-11-27,FALSE
CNS-417884,EMP0252,APP9605,TRUE,2024-03-08,2025-06-26,FALSE
CNS-299177,EMP0158,APP4301,TRUE,2025-04-16,2027-07-07,FALSE
CNS-876420,EMP0198,APP1900,FALSE,2024-02-04,2025-09-09,FALSE
CNS-544134,EMP0499,APP3805,TRUE,2025-10-30,2027-12-16,FALSE
CNS-840240,EMP0227,APP5066,TRUE,2025-05-10,2027-01-25,FALSE
CNS-746177,EMP0133,APP9822,TRUE,2025-11-20,2028-11-16,FALSE
CNS-423510,EMP0471,APP1700,TRUE,2024-06-16,2026-08-06,FALSE
CNS-156186,EMP0484,APP1338,TRUE,2026-01-24,2027-02-07,FALSE
CNS-242649,EMP0155,APP7845,FALSE,2025-03-19,2026-12-17,FALSE
CNS-695378,EMP0190,APP2242,TRUE,2025-05-12,2027-03-31,FALSE
CNS-861845,EMP0413,APP3269,TRUE,2024-06-05,2026-02-10,FALSE
CNS-839758,EMP0068,APP7712,TRUE,2026-04-30,2028-11-19,FALSE
CNS-382570,EMP0191,APP2208,TRUE,2024-07-02,2026-06-15,FALSE
CNS-391656,EMP0307,APP3993,TRUE,2024-06-04,2027-04-26,FALSE
CNS-319301,EMP0154,APP2396,TRUE,2024-12-26,2027-02-15,FALSE
CNS-674514,EMP0374,APP6092,TRUE,2025-11-24,2027-08-06,FALSE
CNS-484525,EMP0373,APP1029,TRUE,2025-11-18,2028-08-10,FALSE
CNS-101849,EMP0486,APP6709,TRUE,2025-04-28,2026-08-31,FALSE
CNS-404682,EMP0226,APP5981,FALSE,2026-01-01,2028-03-15,FALSE
CNS-839265,EMP0277,APP2396,TRUE,2026-06-07,2028-01-02,FALSE
CNS-882482,EMP0012,APP1536,TRUE,2025-08-30,2028-06-24,FALSE
CNS-188566,EMP0156,APP9673,TRUE,2024-10-30,2026-06-20,TRUE
CNS-196449,EMP0465,APP9791,TRUE,2024-03-01,2027-02-07,FALSE
CNS-823623,EMP0386,APP2533,TRUE,2025-07-05,2028-01-19,FALSE
CNS-827145,EMP0247,APP9767,TRUE,2024-12-02,2026-07-30,FALSE
CNS-147695,EMP0196,APP8495,TRUE,2026-04-02,2027-08-03,FALSE
CNS-980386,EMP0231,APP9740,TRUE,2025-04-18,2026-06-05,FALSE
CNS-987205,EMP0244,APP3269,TRUE,2024-12-18,2027-10-25,FALSE
CNS-979719,EMP0115,APP2396,TRUE,2025-07-28,2027-09-06,FALSE
CNS-373336,EMP0018,APP7845,TRUE,2026-03-13,2028-04-28,FALSE
CNS-289670,EMP0197,APP2825,TRUE,2024-04-23,2025-12-10,FALSE
CNS-606645,EMP0386,APP5981,TRUE,2024-07-25,2027-03-25,TRUE
CNS-801710,EMP0171,APP7940,TRUE,2025-07-16,2026-10-04,FALSE
CNS-378176,EMP0021,APP8198,TRUE,2026-05-30,2027-12-29,FALSE
CNS-979245,EMP0496,APP2242,TRUE,2026-02-15,2028-10-16,FALSE
CNS-708168,EMP0387,APP9740,TRUE,2024-01-03,2026-11-25,FALSE
CNS-335593,EMP0484,APP6709,TRUE,2024-01-12,2026-03-26,TRUE
CNS-461465,EMP0051,APP4469,TRUE,2024-11-30,2026-08-25,FALSE
CNS-116339,EMP0407,APP6475,TRUE,2026-01-02,2028-02-23,FALSE
CNS-838767,EMP0002,APP2184,FALSE,2025-12-10,2027-05-09,FALSE
CNS-414132,EMP0253,APP5360,TRUE,2025-02-19,2026-11-08,FALSE
CNS-926468,EMP0199,APP5430,TRUE,2023-12-23,2025-07-28,FALSE
CNS-754540,EMP0288,APP5632,TRUE,2024-08-21,2026-04-15,FALSE
CNS-526181,EMP0041,APP1065,FALSE,2025-07-20,2028-07-12,FALSE
CNS-711547,EMP0028,APP4188,TRUE,2024-03-27,2025-07-18,FALSE
CNS-451779,EMP0326,APP6475,TRUE,2025-09-30,2028-02-14,FALSE
CNS-884756,EMP0257,APP1065,FALSE,2024-02-09,2025-10-19,FALSE
CNS-474031,EMP0250,APP2482,TRUE,2026-03-12,2029-01-20,TRUE
CNS-880547,EMP0494,APP6660,TRUE,2024-05-13,2026-10-01,FALSE
CNS-254715,EMP0218,APP1847,TRUE,2024-04-06,2026-10-08,FALSE
CNS-312382,EMP0138,APP8419,FALSE,2025-02-27,2027-06-01,FALSE
CNS-374523,EMP0404,APP7447,TRUE,2025-04-16,2026-08-03,FALSE
CNS-420940,EMP0077,APP9417,FALSE,2024-10-21,2027-07-08,FALSE
CNS-709095,EMP0499,APP7666,TRUE,2024-01-21,2026-11-26,FALSE
CNS-132717,EMP0340,APP9791,TRUE,2026-06-23,2027-08-27,FALSE
CNS-713982,EMP0293,APP5066,TRUE,2024-03-27,2025-11-13,FALSE
CNS-831746,EMP0259,APP8967,TRUE,2025-07-05,2028-03-16,FALSE
CNS-486937,EMP0098,APP7712,TRUE,2025-03-09,2026-07-06,FALSE
CNS-732456,EMP0433,APP4848,TRUE,2024-05-25,2025-09-19,TRUE
CNS-971737,EMP0056,APP7096,TRUE,2024-12-12,2026-03-18,FALSE
CNS-362313,EMP0067,APP8967,TRUE,2025-02-09,2027-08-31,FALSE
CNS-274205,EMP0287,APP9417,FALSE,2026-06-14,2028-03-18,FALSE
CNS-235090,EMP0022,APP8073,FALSE,2026-05-14,2028-11-28,FALSE
CNS-720597,EMP0461,APP9680,FALSE,2025-01-09,2026-06-07,FALSE
CNS-914035,EMP0185,APP9680,TRUE,2025-03-10,2026-11-09,FALSE
CNS-706721,EMP0188,APP3269,TRUE,2025-03-07,2027-05-31,FALSE
CNS-777156,EMP0062,APP9546,TRUE,2024-07-31,2026-02-06,FALSE
CNS-601786,EMP0278,APP9680,FALSE,2024-11-14,2027-02-08,FALSE
CNS-373421,EMP0119,APP2242,TRUE,2024-10-30,2026-10-30,TRUE
CNS-923911,EMP0288,APP9767,FALSE,2025-09-17,2027-03-28,FALSE
CNS-606832,EMP0014,APP3993,TRUE,2024-10-31,2027-09-19,FALSE
CNS-192188,EMP0233,APP8899,FALSE,2026-03-07,2028-09-22,FALSE
CNS-775695,EMP0119,APP5510,TRUE,2025-09-23,2028-09-15,FALSE
CNS-879100,EMP0118,APP6399,TRUE,2026-05-07,2028-01-04,FALSE
CNS-993722,EMP0065,APP3993,TRUE,2024-09-14,2026-01-10,TRUE
CNS-656986,EMP0300,APP3805,TRUE,2025-12-03,2027-03-09,FALSE
CNS-223240,EMP0194,APP2242,TRUE,2025-07-13,2027-03-11,FALSE
CNS-792882,EMP0464,APP8495,TRUE,2024-07-05,2026-09-15,FALSE
CNS-222860,EMP0065,APP1410,TRUE,2024-05-23,2025-07-05,FALSE
CNS-807294,EMP0494,APP7940,TRUE,2024-08-03,2026-09-05,FALSE
CNS-723534,EMP0067,APP1166,TRUE,2026-03-30,2027-07-11,FALSE
CNS-777166,EMP0402,APP4451,TRUE,2026-06-25,2029-03-28,TRUE
CNS-269605,EMP0459,APP6870,TRUE,2025-10-17,2027-04-09,FALSE
CNS-326274,EMP0143,APP4265,FALSE,2024-06-30,2027-01-10,FALSE
CNS-686375,EMP0435,APP1630,TRUE,2025-05-21,2026-07-20,TRUE
CNS-465421,EMP0122,APP2989,FALSE,2024-10-04,2026-06-26,FALSE
CNS-163573,EMP0422,APP6439,FALSE,2026-05-09,2027-11-29,FALSE
CNS-290057,EMP0263,APP7235,TRUE,2025-10-23,2028-04-26,TRUE
CNS-679143,EMP0424,APP5360,TRUE,2024-06-02,2026-01-11,FALSE
CNS-481758,EMP0372,APP7447,TRUE,2025-08-29,2027-01-23,TRUE
CNS-373735,EMP0168,APP1536,TRUE,2025-11-26,2028-04-25,FALSE
CNS-795790,EMP0062,APP3805,TRUE,2024-11-16,2027-06-23,TRUE
CNS-200845,EMP0002,APP3993,FALSE,2025-06-07,2026-09-18,FALSE
CNS-166505,EMP0008,APP3805,TRUE,2023-11-28,2025-04-13,TRUE
CNS-649527,EMP0080,APP8952,FALSE,2024-10-06,2027-03-22,FALSE
CNS-498868,EMP0148,APP5001,FALSE,2024-10-26,2026-03-14,FALSE
CNS-575474,EMP0367,APP6660,TRUE,2024-07-21,2026-11-07,TRUE
CNS-466985,EMP0325,APP2184,TRUE,2025-09-21,2026-12-15,FALSE
CNS-616950,EMP0230,APP9417,TRUE,2024-09-28,2027-06-04,FALSE
CNS-332715,EMP0093,APP6532,TRUE,2025-09-02,2028-06-12,TRUE
CNS-792893,EMP0203,APP6439,TRUE,2026-05-29,2028-02-27,FALSE
CNS-855088,EMP0317,APP2208,TRUE,2024-11-23,2026-06-24,TRUE
CNS-902099,EMP0355,APP6439,TRUE,2024-10-05,2027-02-02,TRUE
CNS-973580,EMP0365,APP1338,TRUE,2024-05-19,2026-02-03,FALSE
CNS-374661,EMP0170,APP7390,TRUE,2025-10-22,2027-10-01,FALSE
CNS-431106,EMP0078,APP2242,TRUE,2024-07-22,2025-10-01,FALSE
CNS-935478,EMP0112,APP1900,TRUE,2024-08-12,2026-06-05,FALSE
CNS-903835,EMP0132,APP7447,TRUE,2025-04-10,2027-09-04,FALSE
CNS-746317,EMP0465,APP6202,TRUE,2024-10-15,2026-06-09,FALSE
CNS-194613,EMP0356,APP3606,TRUE,2025-05-25,2027-05-29,FALSE
CNS-767118,EMP0180,APP2306,FALSE,2025-05-02,2028-03-28,FALSE
CNS-349251,EMP0282,APP4666,TRUE,2025-11-06,2027-12-24,FALSE
CNS-384461,EMP0363,APP4188,TRUE,2025-05-14,2027-02-26,FALSE
CNS-220791,EMP0262,APP7235,TRUE,2025-09-20,2028-04-09,FALSE
CNS-682572,EMP0331,APP6210,TRUE,2025-06-01,2027-06-18,FALSE
CNS-138926,EMP0210,APP2825,FALSE,2024-10-01,2027-07-20,FALSE
CNS-277019,EMP0359,APP1630,TRUE,2025-06-07,2026-10-15,FALSE
CNS-846958,EMP0261,APP2989,TRUE,2024-12-24,2027-03-31,FALSE
CNS-757377,EMP0372,APP9581,TRUE,2025-08-03,2027-06-20,FALSE
CNS-624673,EMP0275,APP9417,FALSE,2024-01-30,2025-09-08,FALSE
CNS-869093,EMP0488,APP6915,TRUE,2024-09-29,2026-02-04,FALSE
CNS-224114,EMP0205,APP2242,TRUE,2023-11-24,2025-07-03,FALSE
CNS-468114,EMP0288,APP8419,TRUE,2024-12-27,2027-01-04,FALSE
CNS-466068,EMP0407,APP5360,TRUE,2024-01-04,2025-04-14,FALSE
CNS-923965,EMP0120,APP4265,TRUE,2025-01-13,2026-04-17,TRUE
CNS-699755,EMP0311,APP8419,TRUE,2024-09-16,2027-07-14,FALSE
CNS-762220,EMP0137,APP6081,TRUE,2023-11-12,2025-09-14,FALSE
CNS-310414,EMP0246,APP9417,TRUE,2024-01-07,2026-12-19,FALSE
CNS-565921,EMP0063,APP5830,TRUE,2025-05-15,2026-06-23,FALSE
CNS-274259,EMP0364,APP9546,FALSE,2026-04-03,2027-04-24,FALSE
CNS-191473,EMP0149,APP1847,TRUE,2025-02-24,2027-02-13,FALSE
CNS-553004,EMP0215,APP9546,TRUE,2025-08-26,2027-06-10,FALSE
CNS-925540,EMP0068,APP8735,TRUE,2023-12-20,2025-10-19,FALSE
CNS-381219,EMP0213,APP1065,TRUE,2025-07-10,2026-12-14,FALSE
CNS-770241,EMP0108,APP8431,FALSE,2026-06-21,2029-02-27,FALSE
CNS-988798,EMP0389,APP6915,TRUE,2025-12-23,2028-06-17,FALSE
CNS-271158,EMP0361,APP6202,TRUE,2025-04-24,2027-04-20,FALSE
CNS-768872,EMP0430,APP7390,FALSE,2024-01-28,2026-05-13,FALSE
CNS-490065,EMP0491,APP3269,FALSE,2024-09-11,2026-09-05,FALSE
CNS-542085,EMP0392,APP5632,TRUE,2025-06-23,2028-01-12,FALSE
CNS-283571,EMP0064,APP9605,TRUE,2025-04-17,2027-11-15,TRUE
CNS-905276,EMP0236,APP4188,TRUE,2024-04-01,2025-09-21,FALSE
CNS-839048,EMP0306,APP6709,TRUE,2025-01-30,2026-09-03,FALSE
CNS-198513,EMP0246,APP9673,TRUE,2024-05-19,2025-10-04,FALSE
CNS-538691,EMP0189,APP2482,TRUE,2024-09-18,2026-02-15,FALSE
CNS-101609,EMP0442,APP8967,TRUE,2026-03-25,2028-04-06,TRUE
CNS-275419,EMP0246,APP6660,TRUE,2025-05-09,2027-11-23,FALSE
CNS-933234,EMP0427,APP2825,TRUE,2024-06-09,2026-09-29,TRUE
CNS-954820,EMP0434,APP6439,TRUE,2025-04-05,2028-03-24,TRUE
CNS-296067,EMP0090,APP2306,TRUE,2024-01-03,2025-06-18,FALSE
CNS-926053,EMP0324,APP3719,TRUE,2025-12-23,2028-04-18,FALSE
CNS-601711,EMP0227,APP6399,TRUE,2025-12-17,2027-03-19,FALSE
CNS-486247,EMP0286,APP7447,TRUE,2024-10-20,2026-09-22,FALSE
CNS-830316,EMP0381,APP3719,TRUE,2025-02-20,2027-03-30,FALSE
CNS-955150,EMP0294,APP8899,FALSE,2024-10-23,2027-04-07,FALSE
CNS-690973,EMP0289,APP1700,TRUE,2025-10-17,2027-04-09,FALSE
CNS-846420,EMP0139,APP6709,TRUE,2025-11-13,2027-05-02,TRUE
CNS-456735,EMP0221,APP3542,TRUE,2024-09-26,2027-02-20,FALSE
CNS-525558,EMP0099,APP2825,TRUE,2024-12-20,2027-04-27,FALSE
CNS-142077,EMP0142,APP6439,TRUE,2026-05-07,2028-05-07,FALSE
CNS-827771,EMP0004,APP6915,TRUE,2025-12-05,2027-03-03,FALSE
CNS-473596,EMP0340,APP8952,FALSE,2024-07-01,2025-08-08,FALSE
CNS-192077,EMP0270,APP4265,TRUE,2025-07-11,2026-07-12,FALSE
CNS-918204,EMP0415,APP7940,TRUE,2025-04-04,2027-10-01,FALSE
CNS-260265,EMP0143,APP8198,TRUE,2026-02-10,2027-09-27,FALSE
CNS-432137,EMP0310,APP5981,TRUE,2026-06-15,2029-02-07,FALSE
CNS-289581,EMP0455,APP5981,TRUE,2024-12-23,2026-02-22,FALSE
CNS-322932,EMP0297,APP6210,TRUE,2026-05-09,2027-09-26,TRUE
CNS-452096,EMP0233,APP3408,TRUE,2025-01-04,2026-10-05,FALSE
CNS-260414,EMP0371,APP2350,TRUE,2024-05-03,2025-07-23,FALSE
CNS-293022,EMP0303,APP2242,FALSE,2026-02-07,2028-03-26,FALSE
CNS-101021,EMP0181,APP3843,TRUE,2025-02-22,2026-10-17,FALSE
CNS-877118,EMP0343,APP6532,TRUE,2024-02-19,2025-10-02,FALSE
CNS-643201,EMP0404,APP9605,TRUE,2024-06-24,2027-01-08,FALSE
CNS-354581,EMP0416,APP8495,TRUE,2025-07-27,2028-05-13,FALSE
CNS-979180,EMP0450,APP3606,TRUE,2026-05-10,2028-03-07,FALSE
CNS-210959,EMP0320,APP6756,FALSE,2025-07-22,2028-03-31,FALSE
CNS-802624,EMP0463,APP9741,TRUE,2025-06-06,2027-11-01,FALSE
CNS-677428,EMP0279,APP9791,FALSE,2026-04-01,2029-03-24,FALSE
CNS-575721,EMP0321,APP2208,TRUE,2023-12-11,2025-01-13,FALSE
CNS-302700,EMP0306,APP9581,FALSE,2026-04-10,2027-04-25,FALSE
CNS-160557,EMP0316,APP8952,TRUE,2026-05-30,2028-03-08,FALSE
CNS-879582,EMP0487,APP8495,TRUE,2026-02-04,2027-07-06,FALSE
CNS-721320,EMP0011,APP5066,TRUE,2025-07-27,2028-02-16,FALSE
CNS-773022,EMP0393,APP8952,TRUE,2026-01-29,2028-07-03,FALSE
CNS-302393,EMP0139,APP1029,FALSE,2024-02-12,2025-04-23,FALSE
CNS-278577,EMP0327,APP5632,FALSE,2026-02-22,2028-06-23,FALSE
CNS-542599,EMP0069,APP1900,TRUE,2024-06-06,2025-11-11,FALSE
CNS-323946,EMP0194,APP4188,TRUE,2024-07-27,2025-11-07,FALSE
CNS-462066,EMP0098,APP9791,FALSE,2025-05-13,2028-02-21,FALSE
CNS-176090,EMP0463,APP8735,TRUE,2025-03-18,2027-01-21,FALSE
CNS-859845,EMP0142,APP9791,FALSE,2024-02-12,2025-10-02,FALSE
CNS-163002,EMP0141,APP2608,TRUE,2025-10-02,2028-07-28,FALSE
CNS-707354,EMP0240,APP3843,TRUE,2025-09-29,2027-11-08,FALSE
CNS-697187,EMP0280,APP8419,TRUE,2025-03-08,2026-11-13,FALSE
CNS-578283,EMP0326,APP9822,TRUE,2024-04-24,2026-03-18,TRUE
CNS-465013,EMP0021,APP9605,TRUE,2024-06-26,2026-09-21,FALSE
CNS-444300,EMP0039,APP2825,TRUE,2025-03-29,2026-08-25,FALSE
CNS-459767,EMP0172,APP7088,TRUE,2026-05-27,2029-01-06,FALSE
CNS-633819,EMP0192,APP9581,TRUE,2024-05-03,2026-07-15,FALSE
CNS-421303,EMP0338,APP6532,TRUE,2024-08-04,2027-04-26,TRUE
CNS-734986,EMP0022,APP2834,TRUE,2025-06-11,2027-06-29,TRUE
CNS-486007,EMP0475,APP3606,TRUE,2025-03-13,2026-07-12,FALSE
CNS-334945,EMP0166,APP1984,TRUE,2025-02-01,2027-07-29,FALSE
CNS-766793,EMP0346,APP3606,TRUE,2024-10-05,2026-01-15,FALSE
CNS-827364,EMP0304,APP9791,TRUE,2025-10-26,2028-02-23,FALSE
CNS-589184,EMP0461,APP6210,TRUE,2025-08-31,2028-07-26,FALSE
CNS-707854,EMP0449,APP6784,TRUE,2025-12-05,2027-02-17,TRUE
CNS-951697,EMP0467,APP5830,TRUE,2026-03-18,2028-09-26,TRUE
CNS-786028,EMP0034,APP9546,TRUE,2025-04-03,2026-12-17,FALSE
CNS-221164,EMP0459,APP9822,TRUE,2024-06-08,2026-08-04,FALSE
CNS-960518,EMP0226,APP8419,TRUE,2025-03-24,2027-01-17,FALSE
CNS-457349,EMP0240,APP8419,TRUE,2023-12-03,2025-10-10,FALSE
CNS-236395,EMP0499,APP8952,TRUE,2025-11-03,2028-10-14,FALSE
CNS-229886,EMP0437,APP3408,TRUE,2026-06-25,2027-10-06,FALSE
CNS-536632,EMP0054,APP3542,TRUE,2026-04-08,2027-06-04,FALSE
CNS-537926,EMP0262,APP5066,TRUE,2023-11-15,2026-04-02,FALSE
CNS-986349,EMP0201,APP4188,TRUE,2026-04-19,2028-09-14,TRUE
CNS-481245,EMP0205,APP5510,TRUE,2026-06-13,2028-03-12,TRUE
CNS-670258,EMP0399,APP2242,TRUE,2025-12-09,2028-03-13,FALSE
CNS-247576,EMP0097,APP3542,TRUE,2025-01-17,2026-10-10,FALSE
CNS-826508,EMP0355,APP7235,TRUE,2024-02-22,2026-02-03,FALSE
CNS-252722,EMP0285,APP2306,FALSE,2024-01-09,2025-05-24,FALSE
CNS-545816,EMP0090,APP7096,TRUE,2024-04-19,2026-12-23,FALSE
CNS-487740,EMP0223,APP2242,TRUE,2025-04-08,2026-09-15,FALSE
CNS-786194,EMP0151,APP3542,TRUE,2025-01-16,2027-10-29,FALSE
CNS-345150,EMP0201,APP8735,TRUE,2024-07-15,2027-06-20,FALSE
CNS-319253,EMP0186,APP6202,TRUE,2025-03-30,2028-01-20,FALSE
CNS-275604,EMP0318,APP3719,FALSE,2024-01-03,2025-03-07,FALSE
CNS-505170,EMP0467,APP2744,TRUE,2025-05-31,2026-11-10,FALSE
CNS-232743,EMP0046,APP9546,TRUE,2024-04-17,2025-08-28,FALSE
CNS-763169,EMP0363,APP6784,TRUE,2025-05-04,2028-03-03,FALSE
CNS-242743,EMP0489,APP1338,TRUE,2025-10-19,2027-06-01,FALSE
CNS-274146,EMP0220,APP5981,TRUE,2024-03-05,2026-04-30,FALSE
CNS-508201,EMP0238,APP1410,TRUE,2024-05-02,2026-12-27,FALSE
CNS-698588,EMP0306,APP4451,TRUE,2025-10-29,2027-01-22,TRUE
CNS-952653,EMP0229,APP1984,TRUE,2024-01-21,2026-08-14,FALSE
CNS-235316,EMP0337,APP2396,TRUE,2026-01-26,2027-02-13,FALSE
CNS-144844,EMP0430,APP6870,TRUE,2026-03-13,2028-12-23,FALSE
CNS-773139,EMP0022,APP9767,TRUE,2024-12-27,2026-04-15,FALSE
CNS-263778,EMP0284,APP7088,TRUE,2025-05-13,2026-11-25,FALSE
CNS-537318,EMP0051,APP2825,TRUE,2024-02-20,2025-10-07,FALSE
CNS-305237,EMP0375,APP2396,TRUE,2025-07-26,2028-03-20,FALSE
CNS-931575,EMP0079,APP8198,TRUE,2024-06-20,2025-09-21,FALSE
CNS-432211,EMP0358,APP1900,TRUE,2025-06-16,2028-03-26,FALSE
CNS-896832,EMP0016,APP5103,TRUE,2024-02-24,2025-10-26,FALSE
CNS-563634,EMP0497,APP1847,FALSE,2025-09-12,2026-09-28,FALSE
CNS-647377,EMP0257,APP9417,TRUE,2025-11-07,2026-11-26,FALSE
CNS-599255,EMP0380,APP1166,TRUE,2025-04-02,2026-07-17,FALSE
CNS-409744,EMP0062,APP7096,TRUE,2025-04-08,2026-04-12,FALSE
CNS-999123,EMP0291,APP9417,TRUE,2025-02-15,2027-04-15,FALSE
CNS-559192,EMP0334,APP7940,TRUE,2025-12-25,2028-02-10,FALSE
CNS-699070,EMP0200,APP4193,TRUE,2025-07-09,2027-03-28,FALSE
CNS-277620,EMP0278,APP1166,TRUE,2025-10-06,2028-06-08,TRUE
CNS-179040,EMP0169,APP5049,TRUE,2025-06-05,2028-03-23,FALSE
CNS-219080,EMP0084,APP3324,FALSE,2026-05-24,2027-10-30,FALSE
CNS-721909,EMP0307,APP2184,TRUE,2024-09-12,2027-09-12,TRUE
CNS-979822,EMP0173,APP9605,TRUE,2024-03-17,2026-12-25,FALSE
CNS-516302,EMP0281,APP9791,TRUE,2026-05-31,2027-09-02,FALSE
CNS-604803,EMP0010,APP2208,TRUE,2025-01-07,2027-01-30,FALSE
CNS-934655,EMP0310,APP5510,TRUE,2026-02-09,2027-08-09,FALSE
CNS-635344,EMP0212,APP7845,TRUE,2026-04-06,2028-08-14,FALSE
CNS-777278,EMP0486,APP6202,TRUE,2026-04-14,2027-10-13,FALSE
CNS-175623,EMP0346,APP6870,FALSE,2024-01-05,2026-04-01,FALSE
CNS-148684,EMP0413,APP2350,TRUE,2023-11-30,2026-01-31,FALSE
CNS-457699,EMP0290,APP9605,TRUE,2026-06-02,2029-04-16,FALSE
CNS-383804,EMP0021,APP5510,TRUE,2024-10-29,2026-06-16,FALSE
CNS-518188,EMP0354,APP3542,FALSE,2024-03-04,2025-04-27,FALSE
CNS-166662,EMP0009,APP9740,TRUE,2025-12-17,2028-02-19,FALSE
CNS-697827,EMP0007,APP6092,TRUE,2024-08-12,2025-11-09,FALSE
CNS-346396,EMP0241,APP6475,TRUE,2024-07-09,2027-04-05,FALSE
CNS-413850,EMP0391,APP8073,TRUE,2025-02-17,2026-09-16,FALSE
CNS-493756,EMP0072,APP2744,TRUE,2025-08-08,2027-07-20,FALSE
CNS-844041,EMP0295,APP3993,TRUE,2024-10-16,2027-06-17,FALSE
CNS-136384,EMP0116,APP6756,FALSE,2025-12-12,2027-01-02,FALSE
CNS-401257,EMP0388,APP5103,TRUE,2024-04-27,2025-11-06,FALSE
CNS-150020,EMP0498,APP3542,TRUE,2025-04-16,2026-08-01,FALSE
CNS-260735,EMP0056,APP4301,TRUE,2026-06-01,2028-12-06,FALSE
CNS-480199,EMP0498,APP6210,FALSE,2025-01-12,2026-03-08,FALSE
CNS-679637,EMP0184,APP4393,TRUE,2025-11-06,2027-09-22,FALSE
CNS-357914,EMP0469,APP1166,TRUE,2025-10-29,2027-05-07,FALSE
CNS-576672,EMP0142,APP1984,TRUE,2024-09-22,2027-06-09,FALSE
CNS-272124,EMP0162,APP1847,TRUE,2026-02-27,2027-11-26,FALSE
CNS-258398,EMP0391,APP4265,TRUE,2025-05-01,2026-10-28,TRUE
CNS-972369,EMP0336,APP2396,TRUE,2025-03-04,2026-07-21,FALSE
CNS-906989,EMP0442,APP7845,TRUE,2024-10-13,2026-09-25,FALSE
CNS-681581,EMP0103,APP2744,TRUE,2024-12-15,2027-04-04,FALSE
CNS-381830,EMP0262,APP7088,FALSE,2025-05-17,2026-10-19,FALSE
CNS-482167,EMP0423,APP1700,TRUE,2024-11-03,2025-11-06,FALSE
CNS-109546,EMP0421,APP1700,TRUE,2025-01-11,2026-01-27,TRUE
CNS-871662,EMP0406,APP3843,TRUE,2025-05-19,2028-01-05,FALSE
CNS-559798,EMP0475,APP1630,TRUE,2024-04-23,2026-12-10,FALSE
CNS-451536,EMP0162,APP6092,FALSE,2026-02-05,2028-07-21,FALSE
CNS-473953,EMP0372,APP9767,FALSE,2024-07-19,2027-06-23,FALSE
CNS-120574,EMP0152,APP2825,TRUE,2025-03-05,2027-12-22,FALSE
CNS-454766,EMP0435,APP7666,TRUE,2025-10-17,2027-11-27,FALSE
CNS-365773,EMP0329,APP5632,TRUE,2025-05-23,2027-11-05,FALSE
CNS-519638,EMP0386,APP3993,TRUE,2025-06-13,2027-04-09,FALSE
CNS-763911,EMP0277,APP5066,TRUE,2025-10-06,2028-07-18,FALSE
CNS-155657,EMP0500,APP8735,TRUE,2025-05-08,2027-07-06,FALSE
CNS-735599,EMP0166,APP6202,TRUE,2024-12-10,2026-06-19,FALSE
CNS-178319,EMP0337,APP1630,TRUE,2025-02-09,2026-10-14,FALSE
CNS-175044,EMP0102,APP4358,TRUE,2025-12-23,2028-04-12,FALSE
CNS-629369,EMP0417,APP2989,TRUE,2025-11-02,2028-04-10,FALSE
CNS-920537,EMP0099,APP4451,TRUE,2026-07-06,2028-09-02,FALSE
CNS-158676,EMP0441,APP1338,TRUE,2025-03-20,2027-05-31,FALSE
CNS-704730,EMP0060,APP1065,FALSE,2024-03-10,2025-10-05,FALSE
CNS-734004,EMP0428,APP6475,FALSE,2025-01-31,2027-07-28,FALSE
CNS-191872,EMP0205,APP6915,TRUE,2025-06-14,2027-05-24,FALSE
CNS-619917,EMP0182,APP8073,TRUE,2025-12-31,2028-08-08,FALSE
CNS-860116,EMP0376,APP2184,TRUE,2024-05-09,2027-01-13,FALSE
CNS-508134,EMP0191,APP8198,TRUE,2026-05-12,2028-01-07,FALSE
CNS-147738,EMP0279,APP7940,TRUE,2026-01-05,2028-02-29,FALSE
CNS-973711,EMP0272,APP6081,TRUE,2024-07-10,2026-12-24,FALSE
CNS-259161,EMP0401,APP5510,TRUE,2025-09-23,2027-10-20,FALSE
CNS-641281,EMP0285,APP6660,TRUE,2024-04-21,2027-02-13,TRUE
CNS-832045,EMP0120,APP1029,FALSE,2024-08-14,2026-04-18,FALSE
CNS-735598,EMP0049,APP6475,FALSE,2026-05-05,2027-12-30,FALSE
CNS-609594,EMP0194,APP2989,FALSE,2024-03-08,2026-11-23,FALSE
CNS-216423,EMP0199,APP7666,FALSE,2025-01-10,2026-06-09,FALSE
CNS-119137,EMP0038,APP4391,TRUE,2024-11-16,2026-05-10,FALSE
CNS-471222,EMP0125,APP1410,TRUE,2024-06-27,2026-04-06,FALSE
CNS-934441,EMP0475,APP7096,TRUE,2024-03-28,2025-12-26,FALSE
CNS-644666,EMP0332,APP2306,FALSE,2025-05-07,2026-12-15,FALSE
CNS-657057,EMP0240,APP2396,FALSE,2024-01-11,2026-06-25,FALSE
CNS-158066,EMP0385,APP6709,TRUE,2024-12-09,2027-05-27,FALSE
CNS-539518,EMP0132,APP3269,TRUE,2024-01-17,2026-10-23,FALSE
CNS-895425,EMP0157,APP4188,TRUE,2024-07-07,2026-02-10,FALSE
CNS-871671,EMP0144,APP5049,TRUE,2023-11-18,2025-03-19,FALSE
CNS-416238,EMP0303,APP4469,FALSE,2026-01-19,2027-08-20,FALSE
CNS-383303,EMP0117,APP6870,FALSE,2024-09-16,2026-08-05,FALSE
CNS-418411,EMP0290,APP1338,TRUE,2025-08-23,2027-06-27,FALSE
CNS-386149,EMP0455,APP1065,TRUE,2026-07-02,2028-01-08,FALSE
CNS-382036,EMP0209,APP8952,TRUE,2025-09-17,2027-01-08,TRUE
CNS-904648,EMP0152,APP8899,TRUE,2024-02-08,2026-01-07,FALSE
CNS-664589,EMP0255,APP4358,TRUE,2025-08-08,2027-08-15,TRUE
CNS-311144,EMP0012,APP1338,TRUE,2026-06-11,2028-06-02,FALSE
CNS-937978,EMP0493,APP6660,TRUE,2024-12-20,2026-01-02,FALSE
CNS-500949,EMP0469,APP7390,TRUE,2025-08-03,2026-10-11,FALSE
CNS-121849,EMP0030,APP3408,TRUE,2026-05-11,2028-11-15,FALSE
CNS-695287,EMP0079,APP2608,TRUE,2025-10-13,2028-09-14,FALSE
CNS-198162,EMP0123,APP2396,TRUE,2024-02-28,2025-03-09,TRUE
CNS-287626,EMP0321,APP8495,FALSE,2024-03-20,2026-01-08,FALSE
CNS-806192,EMP0349,APP4848,TRUE,2025-03-08,2026-05-09,FALSE
CNS-918720,EMP0446,APP7096,TRUE,2023-11-22,2025-03-27,FALSE
CNS-148353,EMP0115,APP2825,TRUE,2026-03-30,2028-04-05,FALSE
CNS-570056,EMP0159,APP1166,TRUE,2023-11-25,2026-07-10,FALSE
CNS-597694,EMP0498,APP1410,TRUE,2026-05-01,2028-04-19,FALSE
CNS-766117,EMP0453,APP2350,TRUE,2024-12-14,2027-11-27,FALSE
CNS-999523,EMP0323,APP9741,TRUE,2026-04-06,2027-06-03,FALSE
CNS-502956,EMP0218,APP3269,TRUE,2026-03-20,2028-05-10,FALSE
CNS-707537,EMP0174,APP3606,TRUE,2025-06-01,2026-08-17,FALSE
CNS-161210,EMP0247,APP8967,TRUE,2025-11-22,2028-04-27,FALSE
CNS-366245,EMP0283,APP1630,TRUE,2025-02-14,2026-06-17,FALSE
CNS-741378,EMP0085,APP7940,TRUE,2026-06-20,2028-09-05,FALSE
CNS-730930,EMP0405,APP6915,TRUE,2025-03-10,2028-01-25,FALSE
CNS-650215,EMP0390,APP1700,TRUE,2024-03-09,2026-01-16,FALSE
